,id_person_blue,id_person_white,id_winner,competition_date
155,36583,25917,36583,2021-08-07
156,30062,19735,19735,2021-08-07
154,19063,64697,64697,2021-08-07
151,30181,60818,60818,2021-08-07
152,39268,30734,30734,2021-08-07
153,46391,47183,46391,2021-08-07
157,24215,50416,50416,2021-08-07
158,30734,60818,60818,2021-08-07
159,64697,46391,46391,2021-08-07
161,50416,36582,36582,2021-08-07
160,19735,36583,19735,2021-08-07
163,64697,47183,64697,2021-08-07
164,36583,30062,36583,2021-08-07
165,46391,60818,46391,2021-08-07
166,36582,19735,36582,2021-08-07
167,64697,30181,64697,2021-08-07
168,50416,36583,36583,2021-08-07
169,19735,64697,19735,2021-08-07
170,60818,36583,36583,2021-08-07
171,36582,46391,46391,2021-08-07
162,30734,30181,30181,2021-08-07
142,64969,64962,64962,2021-08-27
140,64969,64960,64969,2021-08-27
141,64963,64966,64966,2021-08-27
143,64965,64964,64964,2021-08-27
149,64964,64967,64967,2021-08-27
145,64967,64968,64968,2021-08-27
146,64964,64962,64962,2021-08-27
147,64968,64961,64968,2021-08-27
148,64961,64969,64969,2021-08-27
150,64968,64962,64962,2021-08-27
144,64966,64961,64961,2021-08-27
125,21760,25829,21760,2021-09-18
118,13369,19063,13369,2021-09-18
119,55752,24538,24538,2021-09-18
120,21760,31629,21760,2021-09-18
121,43949,18155,18155,2021-09-18
122,13369,25679,13369,2021-09-18
123,18243,38194,18243,2021-09-18
124,24538,20988,20988,2021-09-18
126,34981,43348,34981,2021-09-18
127,37917,18716,18716,2021-09-18
138,18243,34981,18243,2021-09-18
139,18716,18155,18716,2021-09-18
136,18716,21760,18716,2021-09-18
135,18243,18155,18155,2021-09-18
134,30571,34981,34981,2021-09-18
137,21760,20988,20988,2021-09-18
132,30571,18716,18716,2021-09-18
131,34981,21760,21760,2021-09-18
130,20988,18243,18243,2021-09-18
129,13369,18155,18155,2021-09-18
133,20988,13369,20988,2021-09-18
128,30571,7924,30571,2021-09-18
105,20237,14395,20237,2021-09-24
98,66781,30190,30190,2021-09-24
99,19063,23336,23336,2021-09-24
100,19799,22683,19799,2021-09-24
101,65194,22867,65194,2021-09-24
102,26312,26036,26312,2021-09-24
103,18923,19292,19292,2021-09-24
104,30190,18716,18716,2021-09-24
106,38194,18155,38194,2021-09-24
108,26312,65194,65194,2021-09-24
109,18716,19292,19292,2021-09-24
111,26312,19799,19799,2021-09-24
112,38194,18716,18716,2021-09-24
113,65194,23336,23336,2021-09-24
114,20237,19292,20237,2021-09-24
115,19292,19799,19292,2021-09-24
116,65194,18716,18716,2021-09-24
117,20237,23336,23336,2021-09-24
107,19799,23336,23336,2021-09-24
110,38194,20237,20237,2021-09-24
92,43949,18923,18923,2021-10-16
88,42860,50541,50541,2021-10-16
89,30571,19063,30571,2021-10-16
91,43348,20673,20673,2021-10-16
87,41634,43949,43949,2021-10-16
94,9730,30571,30571,2021-10-16
95,43949,37917,43949,2021-10-16
96,43348,30571,30571,2021-10-16
97,18923,20673,18923,2021-10-16
93,50541,37917,37917,2021-10-16
86,18923,30571,18923,2021-10-16
90,41634,9730,9730,2021-10-16
84,43949,9730,43949,2021-10-16
85,43348,42860,43348,2021-10-16
60,22683,48349,22683,2021-10-16
61,64658,23283,64658,2021-10-16
62,22682,23336,23336,2021-10-16
63,22683,28254,22683,2021-10-16
64,25679,14320,14320,2021-10-16
65,24044,45440,24044,2021-10-16
66,25546,19292,19292,2021-10-16
67,3780,18716,3780,2021-10-16
68,64658,20477,20477,2021-10-16
69,65194,20237,65194,2021-10-16
70,22683,23336,23336,2021-10-16
77,65194,19292,65194,2021-10-16
72,3780,19292,19292,2021-10-16
71,24044,14320,14320,2021-10-16
81,37917,20673,20673,2021-10-16
80,65194,23336,23336,2021-10-16
79,14320,20477,20477,2021-10-16
82,50541,43348,43348,2021-10-16
76,14320,23336,23336,2021-10-16
75,20477,3780,20477,2021-10-16
74,24044,22683,22683,2021-10-16
73,65194,20477,65194,2021-10-16
78,19292,22683,19292,2021-10-16
83,19063,18923,18923,2021-10-16
48,4104,43949,43949,2021-10-23
40,20999,37998,37998,2021-10-23
41,40011,18155,18155,2021-10-23
43,23283,38194,38194,2021-10-23
44,21357,30190,21357,2021-10-23
45,66781,50071,66781,2021-10-23
46,63186,48349,63186,2021-10-23
47,7924,13598,13598,2021-10-23
42,37998,20673,20673,2021-10-23
51,63186,66781,66781,2021-10-23
50,21357,38194,38194,2021-10-23
59,13598,38194,13598,2021-10-23
58,20673,43949,20673,2021-10-23
57,66781,18155,66781,2021-10-23
49,20673,18155,20673,2021-10-23
55,38194,20673,38194,2021-10-23
54,43949,63186,43949,2021-10-23
53,21357,18155,18155,2021-10-23
56,13598,66781,13598,2021-10-23
52,43949,13598,13598,2021-10-23
22,30181,36818,30181,2021-11-05
23,50541,14320,14320,2021-11-05
24,26363,45440,26363,2021-11-05
25,31963,20477,20477,2021-11-05
26,31518,61003,61003,2021-11-05
27,25546,17364,17364,2021-11-05
29,30181,36058,36058,2021-11-05
28,20988,28254,28254,2021-11-05
32,28254,17364,17364,2021-11-05
33,14320,30181,30181,2021-11-05
34,28254,61003,28254,2021-11-05
35,26363,36058,36058,2021-11-05
36,17364,20477,17364,2021-11-05
37,20477,30181,20477,2021-11-05
38,26363,28254,28254,2021-11-05
39,17364,36058,17364,2021-11-05
30,26363,14320,26363,2021-11-05
31,61003,20477,20477,2021-11-05
21,42276,12202,12202,2021-11-13
20,56306,65560,65560,2021-11-13
19,65560,15258,65560,2021-11-13
18,65560,12202,12202,2021-11-13
17,42276,56306,42276,2021-11-13
16,15258,12202,12202,2021-11-13
0,44974,21796,44974,2021-11-26
15,43175,23336,23336,2021-11-26
1,18923,9520,9520,2021-11-26
2,19799,38880,19799,2021-11-26
4,43175,3283,43175,2021-11-26
5,44974,23336,23336,2021-11-26
6,19799,9520,9520,2021-11-26
7,48190,36058,36058,2021-11-26
3,48190,10231,48190,2021-11-26
9,19799,44974,19799,2021-11-26
10,9286,48190,9286,2021-11-26
11,9520,23336,23336,2021-11-26
12,43175,36058,43175,2021-11-26
13,36058,19799,36058,2021-11-26
14,9520,9286,9286,2021-11-26
8,43175,9286,43175,2021-11-26
1501,46076,38194,38194,2022-01-28
1500,30236,11829,11829,2022-01-28
1499,37998,9212,9212,2022-01-28
1498,37690,48190,37690,2022-01-28
1495,30236,21742,30236,2022-01-28
1496,25546,9396,9396,2022-01-28
1494,16577,25546,25546,2022-01-28
1502,21357,18716,18716,2022-01-28
1497,49726,9728,49726,2022-01-28
1503,37105,30181,30181,2022-01-28
1507,30181,18716,18716,2022-01-28
1505,9212,37690,9212,2022-01-28
1514,38194,9396,9396,2022-01-28
1513,9212,30181,9212,2022-01-28
1512,18716,49726,49726,2022-01-28
1511,18716,38194,38194,2022-01-28
1504,49726,9396,9396,2022-01-28
1509,30181,11829,30181,2022-01-28
1508,37690,49726,49726,2022-01-28
1506,38194,11829,38194,2022-01-28
1510,9212,9396,9396,2022-01-28
1470,45440,26036,45440,2022-02-05
1471,14320,379,14320,2022-02-05
1472,28254,9728,28254,2022-02-05
1473,22867,65194,65194,2022-02-05
1474,22683,16577,16577,2022-02-05
1475,45440,9520,9520,2022-02-05
1476,38194,3283,38194,2022-02-05
1477,14320,9286,9286,2022-02-05
1479,37690,9718,9718,2022-02-05
1480,65194,11829,11829,2022-02-05
1481,14431,25741,14431,2022-02-05
1478,28254,19292,28254,2022-02-05
1483,38194,9520,9520,2022-02-05
1484,28254,9286,28254,2022-02-05
1485,11829,9718,9718,2022-02-05
1486,38880,14431,38880,2022-02-05
1487,9286,38194,9286,2022-02-05
1488,14431,11829,11829,2022-02-05
1489,28254,9520,9520,2022-02-05
1490,38880,9718,9718,2022-02-05
1491,38880,9286,38880,2022-02-05
1492,28254,11829,28254,2022-02-05
1493,9718,9520,9520,2022-02-05
1482,16577,38880,38880,2022-02-05
1456,20999,25829,20999,2022-02-12
1455,23835,19799,23835,2022-02-12
1454,43348,49546,49546,2022-02-12
1453,61033,45266,61033,2022-02-12
1447,43949,30571,43949,2022-02-12
1451,43760,20237,20237,2022-02-12
1450,37690,20673,20673,2022-02-12
1449,50541,20999,20999,2022-02-12
1448,51229,61033,61033,2022-02-12
1452,43949,64658,43949,2022-02-12
1458,20673,26312,26312,2022-02-12
1457,18665,22132,18665,2022-02-12
1460,49546,61033,61033,2022-02-12
1461,20999,23835,23835,2022-02-12
1462,26312,18665,18665,2022-02-12
1463,49546,43949,49546,2022-02-12
1464,26312,20999,20999,2022-02-12
1465,61033,20237,61033,2022-02-12
1466,18665,23835,18665,2022-02-12
1467,23835,49546,49546,2022-02-12
1468,20237,20999,20999,2022-02-12
1469,18665,61033,18665,2022-02-12
1459,43949,20237,20237,2022-02-12
1434,25546,25741,25741,2022-02-17
1433,18923,3528,18923,2022-02-17
1432,37105,38158,38158,2022-02-17
1431,9212,20477,20477,2022-02-17
1425,25359,8374,25359,2022-02-17
1429,22683,45440,45440,2022-02-17
1428,25359,9718,9718,2022-02-17
1427,63310,37105,37105,2022-02-17
1426,9212,31518,9212,2022-02-17
1430,2539,9286,9286,2022-02-17
1435,13598,20,20,2022-02-17
1437,20477,9286,9286,2022-02-17
1438,18923,38158,38158,2022-02-17
1439,20,25741,25741,2022-02-17
1440,20477,45440,20477,2022-02-17
1441,20,18923,18923,2022-02-17
1442,9286,9718,9286,2022-02-17
1443,25741,38158,38158,2022-02-17
1444,25741,20477,25741,2022-02-17
1445,9718,18923,9718,2022-02-17
1446,38158,9286,38158,2022-02-17
1436,45440,9718,9718,2022-02-17
1413,20988,14431,14431,2022-02-26
1412,7924,18155,7924,2022-02-26
1411,44000,37690,37690,2022-02-26
1406,46083,1094,1094,2022-02-26
1409,52539,45266,45266,2022-02-26
1408,20673,22132,20673,2022-02-26
1407,23835,43949,23835,2022-02-26
1410,55984,29952,29952,2022-02-26
1414,23835,1094,1094,2022-02-26
1416,37690,29952,29952,2022-02-26
1417,14431,7924,14431,2022-02-26
1418,45266,23835,45266,2022-02-26
1419,7924,37690,37690,2022-02-26
1420,20673,1094,1094,2022-02-26
1421,14431,29952,14431,2022-02-26
1422,29952,45266,29952,2022-02-26
1423,20673,37690,20673,2022-02-26
1424,14431,1094,14431,2022-02-26
1415,45266,20673,20673,2022-02-26
1387,49222,9396,9396,2022-03-05
1386,20988,43197,20988,2022-03-05
1385,36121,14431,36121,2022-03-05
1384,21357,38064,38064,2022-03-05
1383,20999,49250,20999,2022-03-05
1382,37690,49546,37690,2022-03-05
1381,42860,44163,44163,2022-03-05
1377,20673,18716,20673,2022-03-05
1379,25679,14395,14395,2022-03-05
1378,37917,18665,18665,2022-03-05
1388,66781,22132,66781,2022-03-05
1376,66781,30571,66781,2022-03-05
1375,43348,22132,22132,2022-03-05
1374,49222,37105,49222,2022-03-05
1380,43949,65955,43949,2022-03-05
1389,18665,20673,20673,2022-03-05
1391,44163,22867,22867,2022-03-05
1401,14395,9396,9396,2022-03-05
1405,38194,9396,9396,2022-03-05
1404,14395,36121,36121,2022-03-05
1403,22867,20673,20673,2022-03-05
1402,38194,22867,38194,2022-03-05
1390,43949,14395,14395,2022-03-05
1400,36121,20999,36121,2022-03-05
1399,20673,66781,20673,2022-03-05
1397,20999,22867,22867,2022-03-05
1396,14395,20673,14395,2022-03-05
1395,66781,9396,9396,2022-03-05
1394,20988,36121,36121,2022-03-05
1393,38064,38194,38194,2022-03-05
1392,20999,37690,20999,2022-03-05
1398,36121,38194,38194,2022-03-05
1365,45006,23835,23835,2022-03-12
1362,22972,67053,22972,2022-03-12
1366,13150,9730,13150,2022-03-12
1363,22972,45005,22972,2022-03-12
1364,65407,23283,65407,2022-03-12
1367,23283,45005,45005,2022-03-12
1371,13150,45005,45005,2022-03-12
1369,65407,22972,22972,2022-03-12
1370,13150,23835,23835,2022-03-12
1372,65407,9730,65407,2022-03-12
1373,23835,22972,22972,2022-03-12
1368,9730,45006,9730,2022-03-12
1350,50770,67053,50770,2022-03-19
1351,50770,45005,45005,2022-03-19
1352,43407,13150,43407,2022-03-19
1354,52897,65407,65407,2022-03-19
1355,13150,50770,50770,2022-03-19
1353,13172,26036,26036,2022-03-19
1357,43407,45005,45005,2022-03-19
1358,65407,26036,65407,2022-03-19
1359,26036,50770,26036,2022-03-19
1360,43407,13172,13172,2022-03-19
1361,65407,45005,45005,2022-03-19
1356,52897,13172,13172,2022-03-19
1317,10231,20477,20477,2022-04-01
1324,18716,20,20,2022-04-01
1323,49726,36058,36058,2022-04-01
1325,16577,19292,16577,2022-04-01
1322,29719,18665,29719,2022-04-01
1321,11829,9286,11829,2022-04-01
1320,14395,11254,11254,2022-04-01
1319,29952,25741,25741,2022-04-01
1318,20999,3528,3528,2022-04-01
1316,25917,21796,21796,2022-04-01
1308,29952,30734,29952,2022-04-01
1314,16118,43760,16118,2022-04-01
1313,38194,2539,2539,2022-04-01
1312,38064,16577,16577,2022-04-01
1311,20,1094,20,2022-04-01
1310,31518,49726,49726,2022-04-01
1309,18665,14320,18665,2022-04-01
1307,12202,3528,3528,2022-04-01
1306,22867,21796,21796,2022-04-01
1326,8396,22683,22683,2022-04-01
1315,45440,9396,9396,2022-04-01
1327,2539,9520,9520,2022-04-01
1345,11254,9396,9396,2022-04-01
1329,16118,1220,1220,2022-04-01
1349,16577,9396,9396,2022-04-01
1348,11254,20,20,2022-04-01
1347,1220,11829,1220,2022-04-01
1346,1220,16577,16577,2022-04-01
1328,65194,38880,65194,2022-04-01
1344,65194,20,20,2022-04-01
1342,1220,65194,1220,2022-04-01
1341,16577,20,16577,2022-04-01
1340,11829,11254,11254,2022-04-01
1343,11829,20477,11829,2022-04-01
1338,42827,1220,1220,2022-04-01
1339,20477,9396,9396,2022-04-01
1331,21796,9396,9396,2022-04-01
1332,3528,20477,20477,2022-04-01
1333,11254,25741,11254,2022-04-01
1330,43949,42827,42827,2022-04-01
1335,20,36058,20,2022-04-01
1336,22683,16577,16577,2022-04-01
1337,65194,9520,65194,2022-04-01
1334,29719,11829,11829,2022-04-01
1295,25315,36058,36058,2022-04-15
1288,26040,25315,25315,2022-04-15
1289,33150,47669,47669,2022-04-15
1290,4333,2994,4333,2022-04-15
1291,46201,11829,11829,2022-04-15
1292,25682,16118,16118,2022-04-15
1293,65958,9212,9212,2022-04-15
1294,41582,36818,36818,2022-04-15
1296,4333,47669,47669,2022-04-15
1304,47669,16118,47669,2022-04-15
1298,36818,9212,36818,2022-04-15
1299,4333,25315,25315,2022-04-15
1300,9212,16118,16118,2022-04-15
1301,47669,36058,36058,2022-04-15
1302,36818,11829,11829,2022-04-15
1303,36818,25315,25315,2022-04-15
1305,11829,36058,36058,2022-04-15
1297,16118,11829,11829,2022-04-15
1278,19063,37917,37917,2022-04-23
1273,31629,49546,49546,2022-04-23
1274,24669,19063,19063,2022-04-23
1275,36260,44974,44974,2022-04-23
1276,61167,43348,43348,2022-04-23
1277,49546,36757,49546,2022-04-23
1279,44974,30181,30181,2022-04-23
1282,30181,37917,37917,2022-04-23
1281,49546,43348,49546,2022-04-23
1287,37917,49546,49546,2022-04-23
1286,43348,44974,44974,2022-04-23
1285,30181,31629,31629,2022-04-23
1280,36757,31629,31629,2022-04-23
1283,31629,61167,31629,2022-04-23
1284,44974,19063,44974,2022-04-23
1245,14431,1094,14431,2022-04-29
1246,16577,65194,16577,2022-04-29
1247,22867,38064,22867,2022-04-29
1248,3528,21796,3528,2022-04-29
1258,14320,9718,9718,2022-04-29
1250,29719,14320,14320,2022-04-29
1251,14395,20999,20999,2022-04-29
1252,22683,20,20,2022-04-29
1253,19799,42827,19799,2022-04-29
1254,14431,9396,14431,2022-04-29
1255,22867,16577,16577,2022-04-29
1256,3528,801,801,2022-04-29
1257,38194,1220,38194,2022-04-29
1249,18716,38194,38194,2022-04-29
1259,20999,19292,19292,2022-04-29
1261,19799,9286,9286,2022-04-29
1272,9286,14431,9286,2022-04-29
1271,38194,20,38194,2022-04-29
1260,20,38158,20,2022-04-29
1269,9286,19292,9286,2022-04-29
1268,38194,14431,14431,2022-04-29
1270,19292,16577,16577,2022-04-29
1266,801,16577,16577,2022-04-29
1265,9286,20,9286,2022-04-29
1264,19292,9718,19292,2022-04-29
1263,38194,801,38194,2022-04-29
1262,16577,14431,14431,2022-04-29
1267,20,9718,20,2022-04-29
1235,18494,52466,18494,2022-05-07
1230,46694,29719,29719,2022-05-07
1231,7924,18494,18494,2022-05-07
1232,29719,9730,29719,2022-05-07
1233,55984,59246,55984,2022-05-07
1234,45266,37105,45266,2022-05-07
1236,9730,46694,46694,2022-05-07
1243,55984,7924,55984,2022-05-07
1238,55984,29719,29719,2022-05-07
1239,18494,45266,45266,2022-05-07
1240,59246,46694,46694,2022-05-07
1241,7924,37105,7924,2022-05-07
1242,18494,46694,46694,2022-05-07
1237,52466,7924,7924,2022-05-07
1244,45266,29719,29719,2022-05-07
1219,69174,45005,45005,2022-05-26
1220,16230,50071,50071,2022-05-26
1221,16240,12202,12202,2022-05-26
1222,13150,26036,26036,2022-05-26
1224,13150,16240,16240,2022-05-26
1223,16230,69174,16230,2022-05-26
1226,26036,12202,26036,2022-05-26
1227,12202,16230,12202,2022-05-26
1228,50071,16240,16240,2022-05-26
1229,26036,45005,45005,2022-05-26
1225,50071,45005,45005,2022-05-26
1207,30236,29719,29719,2022-06-03
1199,25917,30236,30236,2022-06-03
1200,36121,38158,38158,2022-06-03
1201,50573,14830,14830,2022-06-03
1202,14950,49726,49726,2022-06-03
1203,61033,26363,26363,2022-06-03
1204,24215,20477,20477,2022-06-03
1205,20673,18665,20673,2022-06-03
1206,25359,10361,25359,2022-06-03
1208,14830,38158,38158,2022-06-03
1211,29719,25359,25359,2022-06-03
1210,20673,20477,20477,2022-06-03
1212,26363,14830,14830,2022-06-03
1213,29719,20673,20673,2022-06-03
1214,49726,38158,49726,2022-06-03
1215,25359,20477,20477,2022-06-03
1216,25359,14830,25359,2022-06-03
1217,38158,20673,20673,2022-06-03
1218,20477,49726,20477,2022-06-03
1209,26363,49726,49726,2022-06-03
1181,13369,22972,22972,2022-06-11
1180,49222,9212,49222,2022-06-11
1179,8973,61033,61033,2022-06-11
1178,21357,25679,25679,2022-06-11
1177,67168,59246,67168,2022-06-11
1176,56196,22682,22682,2022-06-11
1172,13369,48363,13369,2022-06-11
1174,30734,31629,31629,2022-06-11
1173,37917,37998,37917,2022-06-11
1171,22972,37529,22972,2022-06-11
1170,49222,65272,49222,2022-06-11
1182,37917,3780,3780,2022-06-11
1175,9730,63310,63310,2022-06-11
1183,31629,37690,37690,2022-06-11
1198,22682,3780,22682,2022-06-11
1185,67168,22682,22682,2022-06-11
1197,22972,63310,22972,2022-06-11
1184,63310,20237,63310,2022-06-11
1195,64658,22682,22682,2022-06-11
1194,3780,22972,3780,2022-06-11
1193,25679,63310,63310,2022-06-11
1192,37690,49222,37690,2022-06-11
1196,64658,37690,37690,2022-06-11
1190,22682,63310,22682,2022-06-11
1189,37690,3780,3780,2022-06-11
1188,22972,49222,22972,2022-06-11
1187,61033,64658,64658,2022-06-11
1186,25679,36818,25679,2022-06-11
1191,64658,25679,64658,2022-06-11
1157,2539,9718,9718,2022-06-24
1150,2539,65165,2539,2022-06-24
1151,30734,9396,9396,2022-06-24
1152,30499,45440,45440,2022-06-24
1153,20988,9286,9286,2022-06-24
1149,69349,20988,20988,2022-06-24
1154,14950,19292,14950,2022-06-24
1155,9728,23336,23336,2022-06-24
1156,25546,43175,43175,2022-06-24
1158,20999,28254,28254,2022-06-24
1165,9286,9396,9396,2022-06-24
1160,14950,9286,9286,2022-06-24
1169,43175,9396,43175,2022-06-24
1168,9286,28254,9286,2022-06-24
1167,9718,14950,9718,2022-06-24
1166,9718,43175,43175,2022-06-24
1159,45440,9396,9396,2022-06-24
1163,14950,45440,14950,2022-06-24
1162,28254,9718,9718,2022-06-24
1161,43175,23336,43175,2022-06-24
1164,28254,23336,28254,2022-06-24
1135,26312,18665,26312,2022-06-29
1136,21357,37690,37690,2022-06-29
1137,26312,1220,1220,2022-06-29
1138,18716,26036,26036,2022-06-29
1139,37690,45005,37690,2022-06-29
1141,45005,21357,45005,2022-06-29
1140,29952,16577,16577,2022-06-29
1144,18716,26312,18716,2022-06-29
1145,29952,45005,29952,2022-06-29
1146,37690,18716,37690,2022-06-29
1147,1220,29952,1220,2022-06-29
1148,16577,26036,16577,2022-06-29
1142,26036,1220,26036,2022-06-29
1143,16577,37690,16577,2022-06-29
1118,39036,17217,17217,2022-07-02
1125,2038,42827,2038,2022-07-02
1124,17217,65194,65194,2022-07-02
1123,55984,7924,7924,2022-07-02
1122,13613,36818,13613,2022-07-02
1121,4595,25679,4595,2022-07-02
1120,2038,30571,2038,2022-07-02
1119,42860,42827,42827,2022-07-02
1127,7924,13613,13613,2022-07-02
1126,4595,20237,4595,2022-07-02
1134,13613,65194,65194,2022-07-02
1133,2038,20237,2038,2022-07-02
1132,4595,42827,42827,2022-07-02
1131,13613,4595,13613,2022-07-02
1130,2038,65194,65194,2022-07-02
1129,7924,20237,20237,2022-07-02
1128,42827,17217,42827,2022-07-02
1097,9730,28254,28254,2022-07-08
1098,14830,41398,14830,2022-07-08
1096,66781,10231,10231,2022-07-08
1095,45266,20477,20477,2022-07-08
1094,42006,16577,16577,2022-07-08
1093,14320,20,20,2022-07-08
1092,20673,31518,20673,2022-07-08
1091,29719,9520,29719,2022-07-08
1086,22867,1094,22867,2022-07-08
1089,22683,11829,11829,2022-07-08
1088,24215,3528,3528,2022-07-08
1087,14395,801,801,2022-07-08
1099,21796,9718,21796,2022-07-08
1085,9212,38194,38194,2022-07-08
1084,21796,14431,21796,2022-07-08
1083,20999,9718,9718,2022-07-08
1090,45440,45536,45440,2022-07-08
1100,22867,38194,38194,2022-07-08
1101,3528,801,801,2022-07-08
1102,45440,11829,11829,2022-07-08
1117,28254,801,28254,2022-07-08
1116,21796,29719,29719,2022-07-08
1115,16577,38194,16577,2022-07-08
1114,28254,16577,28254,2022-07-08
1112,20477,29719,29719,2022-07-08
1111,11829,38194,38194,2022-07-08
1110,28254,20477,28254,2022-07-08
1113,801,21796,801,2022-07-08
1108,11829,801,801,2022-07-08
1107,38194,21796,21796,2022-07-08
1106,14830,28254,28254,2022-07-08
1105,10231,20477,20477,2022-07-08
1104,16577,20,16577,2022-07-08
1103,20673,29719,29719,2022-07-08
1109,16577,29719,16577,2022-07-08
1082,41582,14836,14836,2022-07-09
1081,41582,46201,41582,2022-07-09
1080,14836,46201,46201,2022-07-09
1073,30734,38194,38194,2022-07-15
1069,38194,14431,14431,2022-07-15
1070,30734,38158,38158,2022-07-15
1071,16577,29719,16577,2022-07-15
1072,19292,9286,9286,2022-07-15
1074,19292,29719,29719,2022-07-15
1066,22867,16577,16577,2022-07-15
1076,9286,16577,9286,2022-07-15
1077,16577,38194,38194,2022-07-15
1078,14431,29719,14431,2022-07-15
1079,9286,38158,9286,2022-07-15
1068,22132,19292,19292,2022-07-15
1075,38158,14431,38158,2022-07-15
1067,14395,9286,9286,2022-07-15
1050,11254,1094,1094,2022-07-15
1065,29719,36058,29719,2022-07-15
1040,20988,14431,14431,2022-07-15
1041,3528,3623,3623,2022-07-15
1042,9728,14836,9728,2022-07-15
1043,36121,14320,14320,2022-07-15
1044,26363,22132,22132,2022-07-15
1045,14431,9396,14431,2022-07-15
1046,45440,18665,45440,2022-07-15
1047,3623,38194,38194,2022-07-15
1049,18716,38158,38158,2022-07-15
1051,9728,11829,11829,2022-07-15
1052,30734,9212,30734,2022-07-15
1048,3780,10231,3780,2022-07-15
1054,65194,29719,29719,2022-07-15
1064,30734,11829,30734,2022-07-15
1053,14320,36058,36058,2022-07-15
1062,3780,38194,38194,2022-07-15
1061,45440,14431,14431,2022-07-15
1060,22132,29952,22132,2022-07-15
1059,22972,19292,19292,2022-07-15
1063,1094,38158,38158,2022-07-15
1057,50071,9286,9286,2022-07-15
1056,41398,22867,22867,2022-07-15
1055,20,16577,16577,2022-07-15
1058,14395,14950,14395,2022-07-15
1027,68398,31629,31629,2022-07-16
1018,19799,13369,19799,2022-07-16
1019,49222,59879,49222,2022-07-16
1020,32588,24669,24669,2022-07-16
1021,30062,31629,31629,2022-07-16
1022,61167,68398,68398,2022-07-16
1023,36818,44010,36818,2022-07-16
1024,2994,69794,2994,2022-07-16
1025,19799,37917,19799,2022-07-16
1026,24669,49222,49222,2022-07-16
1028,2994,36818,36818,2022-07-16
1035,24669,13369,13369,2022-07-16
1030,24669,59879,24669,2022-07-16
1031,68398,30062,30062,2022-07-16
1032,2994,44010,44010,2022-07-16
1033,49222,19799,19799,2022-07-16
1034,36818,31629,31629,2022-07-16
1036,44010,30062,44010,2022-07-16
1037,36818,13369,36818,2022-07-16
1038,49222,44010,49222,2022-07-16
1039,31629,19799,19799,2022-07-16
1029,37917,13369,13369,2022-07-16
1007,70512,45440,70512,2022-08-04
1008,30734,9728,30734,2022-08-04
1009,25917,25359,25359,2022-08-04
1010,47183,2539,2539,2022-08-04
1011,9728,45440,45440,2022-08-04
1012,47183,25917,25917,2022-08-04
1017,2539,70512,70512,2022-08-04
1014,2539,25359,2539,2022-08-04
1015,25359,45440,45440,2022-08-04
1016,30734,25917,30734,2022-08-04
1004,70512,42006,70512,2022-08-04
1005,70287,25917,25917,2022-08-04
1013,30734,70512,70512,2022-08-04
1006,47183,8973,47183,2022-08-04
1000,37993,25829,25829,2022-08-06
1002,45243,52172,45243,2022-08-06
1001,37993,70168,37993,2022-08-06
1003,25829,61033,25829,2022-08-06
999,61033,45243,61033,2022-08-06
998,25829,52172,25829,2022-08-06
997,70168,61033,61033,2022-08-06
984,30277,44009,44009,2022-08-13
985,45536,51005,51005,2022-08-13
986,44010,14830,44010,2022-08-13
987,44009,42006,42006,2022-08-13
988,51005,63310,63310,2022-08-13
989,51003,24215,24215,2022-08-13
990,44009,14830,14830,2022-08-13
991,51003,51005,51005,2022-08-13
992,42006,44010,44010,2022-08-13
993,24215,63310,63310,2022-08-13
994,24215,14830,14830,2022-08-13
995,42006,51005,51005,2022-08-13
996,63310,44010,63310,2022-08-13
971,70707,30499,30499,2022-08-15
972,31459,47183,47183,2022-08-15
973,30499,20,20,2022-08-15
974,50071,29952,29952,2022-08-15
976,25917,2539,25917,2022-08-15
977,50071,30499,30499,2022-08-15
975,47183,38880,38880,2022-08-15
979,29952,20,20,2022-08-15
978,2539,47183,2539,2022-08-15
980,25917,38880,38880,2022-08-15
981,25917,30499,25917,2022-08-15
982,29952,2539,29952,2022-08-15
983,38880,20,38880,2022-08-15
963,42860,9520,9520,2022-08-27
964,21357,42006,42006,2022-08-27
965,37998,45536,45536,2022-08-27
966,42006,9520,42006,2022-08-27
962,46961,45536,45536,2022-08-27
968,9520,46961,46961,2022-08-27
969,37998,42860,42860,2022-08-27
970,42006,45536,42006,2022-08-27
967,21357,42860,42860,2022-08-27
945,30230,19799,19799,2022-09-03
944,10361,38194,38194,2022-09-03
943,7855,49726,49726,2022-09-03
942,36121,29719,29719,2022-09-03
941,20999,29952,29952,2022-09-03
940,31629,20477,31629,2022-09-03
938,52539,30230,30230,2022-09-03
937,37917,10361,10361,2022-09-03
936,22972,36121,36121,2022-09-03
935,4333,20999,20999,2022-09-03
934,20237,31629,31629,2022-09-03
946,59468,65194,59468,2022-09-03
939,61403,3364,3364,2022-09-03
947,3364,20673,3364,2022-09-03
959,12863,69543,12863,2022-09-03
949,49726,29719,49726,2022-09-03
950,19799,38194,38194,2022-09-03
951,3364,59468,3364,2022-09-03
952,29719,31629,29719,2022-09-03
953,59468,19799,19799,2022-09-03
954,49726,29952,29952,2022-09-03
955,3364,38194,38194,2022-09-03
956,3364,29719,3364,2022-09-03
957,49726,19799,49726,2022-09-03
958,38194,29952,38194,2022-09-03
960,7565,69543,7565,2022-09-03
961,7565,12863,12863,2022-09-03
948,29952,31629,29952,2022-09-03
908,4333,3283,3283,2022-09-10
909,22683,25741,25741,2022-09-10
910,22972,3528,3528,2022-09-10
913,22972,22683,22972,2022-09-10
912,3283,10699,10699,2022-09-10
907,10699,22867,10699,2022-09-10
911,20237,19292,19292,2022-09-10
906,42860,20237,20237,2022-09-10
899,42860,37998,42860,2022-09-10
904,22972,18716,22972,2022-09-10
903,49222,3528,3528,2022-09-10
901,20999,25741,25741,2022-09-10
900,13369,10699,10699,2022-09-10
898,39933,22972,22972,2022-09-10
897,61403,20999,20999,2022-09-10
914,3283,20237,3283,2022-09-10
905,47917,19292,19292,2022-09-10
915,3528,25741,25741,2022-09-10
902,7924,22683,22683,2022-09-10
917,19292,22972,19292,2022-09-10
933,26040,41582,26040,2022-09-10
932,25572,14836,25572,2022-09-10
931,36818,10231,10231,2022-09-10
930,26040,36818,26040,2022-09-10
929,41582,25572,41582,2022-09-10
916,10699,19292,10699,2022-09-10
928,14836,65958,14836,2022-09-10
926,26040,14836,26040,2022-09-10
927,31548,10231,10231,2022-09-10
924,31548,41582,41582,2022-09-10
923,25572,10231,25572,2022-09-10
922,45901,26040,26040,2022-09-10
921,45879,65958,65958,2022-09-10
920,63486,25572,25572,2022-09-10
919,10699,25741,25741,2022-09-10
918,3528,3283,3283,2022-09-10
925,65958,36818,36818,2022-09-10
890,67318,14836,14836,2022-09-17
888,26040,41582,26040,2022-09-17
889,32946,25315,25315,2022-09-17
892,26040,10231,10231,2022-09-17
891,67318,32946,32946,2022-09-17
894,14836,41582,41582,2022-09-17
895,26040,32946,26040,2022-09-17
896,25315,10231,10231,2022-09-17
893,14836,25315,25315,2022-09-17
880,25572,41582,25572,2022-09-24
877,70886,25315,25315,2022-09-24
878,59452,26040,26040,2022-09-24
879,32946,36818,32946,2022-09-24
881,59452,70886,59452,2022-09-24
883,26040,25315,26040,2022-09-24
884,25572,32946,32946,2022-09-24
885,25572,59452,59452,2022-09-24
886,25315,36818,36818,2022-09-24
887,32946,26040,26040,2022-09-24
882,41582,36818,36818,2022-09-24
864,25679,37687,25679,2022-10-01
865,66555,9730,9730,2022-10-01
863,8374,30571,8374,2022-10-01
866,36121,30182,36121,2022-10-01
861,66555,39036,66555,2022-10-01
860,7565,25679,25679,2022-10-01
859,37766,37687,37687,2022-10-01
862,36121,12990,36121,2022-10-01
867,30571,61167,30571,2022-10-01
858,61167,8374,8374,2022-10-01
869,30182,12990,12990,2022-10-01
870,25679,8374,8374,2022-10-01
871,36121,9730,36121,2022-10-01
872,37687,30571,30571,2022-10-01
873,12990,66555,12990,2022-10-01
874,9730,30571,30571,2022-10-01
875,25679,12990,25679,2022-10-01
876,36121,8374,36121,2022-10-01
868,37687,7565,37687,2022-10-01
827,45440,9718,45440,2022-10-06
828,11254,43154,11254,2022-10-06
829,20673,38158,38158,2022-10-06
833,1094,801,801,2022-10-06
831,1220,36058,36058,2022-10-06
832,16577,25917,16577,2022-10-06
826,30734,26036,30734,2022-10-06
830,43660,29952,29952,2022-10-06
825,38194,25741,25741,2022-10-06
820,14320,1094,1094,2022-10-06
823,65194,9396,9396,2022-10-06
822,70512,22867,70512,2022-10-06
821,21796,22682,22682,2022-10-06
819,1220,12202,1220,2022-10-06
818,43660,17217,43660,2022-10-06
817,18716,20673,20673,2022-10-06
816,11254,10361,11254,2022-10-06
815,9728,30734,30734,2022-10-06
814,28254,19292,28254,2022-10-06
824,14395,28254,14395,2022-10-06
835,22682,9286,9286,2022-10-06
834,9212,38880,38880,2022-10-06
837,70512,9520,9520,2022-10-06
857,38880,11254,38880,2022-10-06
856,25741,9520,25741,2022-10-06
855,9286,38158,9286,2022-10-06
836,11829,2539,11829,2022-10-06
853,11254,25741,11254,2022-10-06
852,9520,36058,9520,2022-10-06
851,38158,9396,38158,2022-10-06
850,9520,9286,9286,2022-10-06
849,38880,36058,38880,2022-10-06
848,38158,11254,11254,2022-10-06
854,9286,38880,38880,2022-10-06
846,29719,9520,9520,2022-10-06
845,11829,9286,9286,2022-10-06
844,38880,801,38880,2022-10-06
843,16577,36058,36058,2022-10-06
842,29952,38158,38158,2022-10-06
841,11254,45440,11254,2022-10-06
840,30734,25741,25741,2022-10-06
839,14395,9396,9396,2022-10-06
838,45005,29719,29719,2022-10-06
847,25741,9396,25741,2022-10-06
797,18665,21112,18665,2022-10-15
796,50071,13613,13613,2022-10-15
795,42075,7924,42075,2022-10-15
794,40011,23283,40011,2022-10-15
793,49875,43348,49875,2022-10-15
788,50071,7565,50071,2022-10-15
791,37690,13369,37690,2022-10-15
790,4595,18665,18665,2022-10-15
786,47917,18665,18665,2022-10-15
787,40011,59668,40011,2022-10-15
798,7855,37690,7855,2022-10-15
792,23835,7855,7855,2022-10-15
799,40011,49875,40011,2022-10-15
789,21112,37917,21112,2022-10-15
801,4595,47917,47917,2022-10-15
813,42075,18665,18665,2022-10-15
812,7855,49875,7855,2022-10-15
811,40011,23835,40011,2022-10-15
810,7924,49875,49875,2022-10-15
809,23835,21112,23835,2022-10-15
808,42075,40011,42075,2022-10-15
800,13613,42075,42075,2022-10-15
806,13613,7924,7924,2022-10-15
802,23283,59668,59668,2022-10-15
803,21112,47917,21112,2022-10-15
807,7855,18665,18665,2022-10-15
805,49875,59668,49875,2022-10-15
804,37690,23835,23835,2022-10-15
765,25917,19292,19292,2022-10-21
764,30499,25359,25359,2022-10-21
763,26040,11254,11254,2022-10-21
762,26363,22682,22682,2022-10-21
761,61033,20,20,2022-10-21
760,65194,14395,65194,2022-10-21
759,10231,20477,10231,2022-10-21
758,44974,3283,3283,2022-10-21
757,18716,1220,1220,2022-10-21
766,30734,45536,30734,2022-10-21
754,42006,23283,42006,2022-10-21
753,21796,49726,21796,2022-10-21
752,20999,70512,70512,2022-10-21
751,8973,36058,36058,2022-10-21
750,26036,14395,14395,2022-10-21
749,37529,39933,39933,2022-10-21
756,29952,8374,29952,2022-10-21
755,39933,16577,16577,2022-10-21
767,70512,36058,36058,2022-10-21
769,29952,16577,16577,2022-10-21
785,11254,16577,11254,2022-10-21
784,36058,20,36058,2022-10-21
783,65194,1220,1220,2022-10-21
782,11254,65194,11254,2022-10-21
781,16577,36058,16577,2022-10-21
768,42006,21796,21796,2022-10-21
779,1220,21796,1220,2022-10-21
778,30734,11254,11254,2022-10-21
780,30734,20,20,2022-10-21
776,1220,16577,16577,2022-10-21
775,21796,36058,36058,2022-10-21
774,30734,19292,30734,2022-10-21
773,25359,11254,11254,2022-10-21
772,22682,20,20,2022-10-21
770,3283,1220,1220,2022-10-21
777,20,65194,65194,2022-10-21
771,65194,10231,65194,2022-10-21
742,7565,34359,34359,2022-10-29
737,34359,71394,34359,2022-10-29
738,34359,44974,44974,2022-10-29
739,55961,7565,55961,2022-10-29
740,30499,12863,12863,2022-10-29
741,9730,20999,20999,2022-10-29
743,9730,30499,9730,2022-10-29
745,20999,12863,20999,2022-10-29
746,12863,34359,12863,2022-10-29
747,55961,9730,9730,2022-10-29
748,20999,44974,20999,2022-10-29
744,55961,44974,44974,2022-10-29
717,8374,49397,8374,2022-11-04
716,7855,19292,19292,2022-11-04
715,18716,29952,29952,2022-11-04
713,29719,60139,29719,2022-11-04
712,14395,38194,38194,2022-11-04
711,25359,30499,25359,2022-11-04
710,63310,38158,38158,2022-11-04
708,10361,1220,1220,2022-11-04
718,20237,14320,20237,2022-11-04
707,45440,47503,45440,2022-11-04
706,31298,16577,31298,2022-11-04
705,25829,39933,39933,2022-11-04
704,1094,20,1094,2022-11-04
703,49222,20237,20237,2022-11-04
702,14320,9396,14320,2022-11-04
709,22132,21796,21796,2022-11-04
719,39933,1094,39933,2022-11-04
714,10231,25741,25741,2022-11-04
721,21796,1220,1220,2022-11-04
720,45440,31298,31298,2022-11-04
735,39933,8374,39933,2022-11-04
734,29719,20237,20237,2022-11-04
733,25741,29719,25741,2022-11-04
732,1220,39933,1220,2022-11-04
731,8374,25359,8374,2022-11-04
730,31298,20237,20237,2022-11-04
736,25741,1220,25741,2022-11-04
728,29719,25359,29719,2022-11-04
727,1220,31298,1220,2022-11-04
726,39933,20237,39933,2022-11-04
725,8374,19292,8374,2022-11-04
724,29952,25741,25741,2022-11-04
723,29719,38194,29719,2022-11-04
722,25359,38158,25359,2022-11-04
729,8374,25741,25741,2022-11-04
695,33150,4333,33150,2022-11-05
696,47240,32946,32946,2022-11-05
697,47240,4333,47240,2022-11-05
698,32946,33150,32946,2022-11-05
700,35700,9730,9730,2022-11-05
701,35700,9730,9730,2022-11-05
699,35700,9730,35700,2022-11-05
694,12202,12615,12202,2022-11-12
693,42276,50071,50071,2022-11-12
692,12615,27897,12615,2022-11-12
691,12615,50071,12615,2022-11-12
690,42276,12202,12202,2022-11-12
689,27897,50071,50071,2022-11-12
685,62526,12202,12202,2022-11-20
686,71868,62524,71868,2022-11-20
688,71868,12202,12202,2022-11-20
687,62524,62526,62526,2022-11-20
684,21760,1094,1094,2022-11-26
683,39036,2141,2141,2022-11-26
682,25679,51306,25679,2022-11-26
681,21760,25679,21760,2022-11-26
680,39036,1094,1094,2022-11-26
679,2141,21760,21760,2022-11-26
678,51306,39036,39036,2022-11-26
660,71855,37529,71855,2022-12-03
661,39933,17383,39933,2022-12-03
659,22972,11254,22972,2022-12-03
658,43660,52466,43660,2022-12-03
657,9728,18665,9728,2022-12-03
656,61403,44974,44974,2022-12-03
652,1033,71855,71855,2022-12-03
654,12863,14950,14950,2022-12-03
653,39933,9730,39933,2022-12-03
662,14950,65194,65194,2022-12-03
651,37529,20673,37529,2022-12-03
650,22972,25546,22972,2022-12-03
655,41398,69034,69034,2022-12-03
663,69034,11829,69034,2022-12-03
664,44974,70512,44974,2022-12-03
665,9728,28254,28254,2022-12-03
677,28254,39933,39933,2022-12-03
676,71855,30734,71855,2022-12-03
675,69034,22972,69034,2022-12-03
673,39933,71855,39933,2022-12-03
672,30734,44974,30734,2022-12-03
674,28254,69034,28254,2022-12-03
670,30734,28254,28254,2022-12-03
669,44974,69034,69034,2022-12-03
668,65194,39933,39933,2022-12-03
667,71855,22972,71855,2022-12-03
666,43660,30734,30734,2022-12-03
671,65194,22972,22972,2022-12-03
625,14395,9520,9520,2022-12-20
630,801,11829,801,2022-12-20
629,25359,11254,11254,2022-12-20
628,29952,19292,19292,2022-12-20
627,16577,36058,16577,2022-12-20
626,65194,17383,65194,2022-12-20
624,49726,39933,39933,2022-12-20
631,28254,9286,9286,2022-12-20
622,30734,9718,9718,2022-12-20
621,20,14320,20,2022-12-20
620,29719,38158,38158,2022-12-20
619,70512,1094,70512,2022-12-20
618,20477,38880,38880,2022-12-20
617,38194,28254,28254,2022-12-20
623,1220,21796,21796,2022-12-20
632,70512,38880,70512,2022-12-20
642,11254,19292,19292,2022-12-20
634,21796,9718,9718,2022-12-20
633,20,38158,38158,2022-12-20
649,19292,38158,38158,2022-12-20
648,70512,25741,25741,2022-12-20
647,9520,9718,9718,2022-12-20
646,19292,9520,19292,2022-12-20
644,11254,25741,25741,2022-12-20
643,9718,9286,9718,2022-12-20
645,38158,70512,38158,2022-12-20
641,9520,25741,9520,2022-12-20
640,9718,38158,38158,2022-12-20
639,70512,9286,70512,2022-12-20
638,801,11254,11254,2022-12-20
637,19292,16577,19292,2022-12-20
636,65194,9520,9520,2022-12-20
635,39933,25741,25741,2022-12-20
2731,21760,65194,65194,2023-01-27
2736,3283,60992,60992,2023-01-27
2735,9728,19292,19292,2023-01-27
2734,37998,7530,7530,2023-01-27
2733,10361,45440,10361,2023-01-27
2732,613,14950,613,2023-01-27
2737,68758,21796,68758,2023-01-27
2730,18665,22972,18665,2023-01-27
2722,41398,7530,7530,2023-01-27
2728,17217,7855,7855,2023-01-27
2727,21357,38158,38158,2023-01-27
2726,9394,20988,9394,2023-01-27
2725,12615,24611,24611,2023-01-27
2724,46961,68758,68758,2023-01-27
2723,60992,26312,60992,2023-01-27
2721,20999,10361,10361,2023-01-27
2738,12202,8973,8973,2023-01-27
2729,8374,1094,8374,2023-01-27
2739,24611,29719,29719,2023-01-27
2720,47669,8374,8374,2023-01-27
2741,14395,30734,14395,2023-01-27
2759,29719,8374,29719,2023-01-27
2758,29719,68758,68758,2023-01-27
2757,613,38158,38158,2023-01-27
2756,14395,60992,14395,2023-01-27
2755,10361,8374,8374,2023-01-27
2754,14395,29719,29719,2023-01-27
2753,68758,60992,68758,2023-01-27
2752,10361,613,613,2023-01-27
2740,22867,22682,22682,2023-01-27
2751,8374,38158,38158,2023-01-27
2749,22682,29719,29719,2023-01-27
2748,8973,68758,68758,2023-01-27
2747,60992,19292,60992,2023-01-27
2746,7530,10361,10361,2023-01-27
2745,613,65194,613,2023-01-27
2744,18665,8374,8374,2023-01-27
2743,7855,38158,38158,2023-01-27
2742,25461,9394,9394,2023-01-27
2750,9394,14395,14395,2023-01-27
2760,613,14395,613,2023-01-27
2761,68758,38158,38158,2023-01-27
2682,49726,16118,49726,2023-02-04
2698,9728,8973,8973,2023-02-04
2697,20999,36058,36058,2023-02-04
2696,8374,29719,29719,2023-02-04
2694,37529,29952,29952,2023-02-04
2693,22683,25741,25741,2023-02-04
2692,21796,12615,21796,2023-02-04
2691,37690,9718,9718,2023-02-04
2690,30734,49726,49726,2023-02-04
2689,613,9520,9520,2023-02-04
2688,11384,22972,22972,2023-02-04
2687,19799,11829,11829,2023-02-04
2686,41398,45440,45440,2023-02-04
2685,14950,9286,9286,2023-02-04
2684,32946,10231,10231,2023-02-04
2683,70512,20237,70512,2023-02-04
2681,613,26312,613,2023-02-04
2680,12202,19799,19799,2023-02-04
2699,25679,38880,38880,2023-02-04
2700,10231,7530,7530,2023-02-04
2695,70512,801,70512,2023-02-04
2702,22972,11829,22972,2023-02-04
2719,70512,9286,9286,2023-02-04
2718,9520,25741,25741,2023-02-04
2717,36058,9718,9718,2023-02-04
2701,45440,9286,9286,2023-02-04
2715,9520,9286,9286,2023-02-04
2714,38880,25741,25741,2023-02-04
2713,9718,22972,9718,2023-02-04
2712,38880,36058,36058,2023-02-04
2711,70512,25741,70512,2023-02-04
2716,36058,70512,70512,2023-02-04
2709,22972,9286,9286,2023-02-04
2708,7530,38880,38880,2023-02-04
2707,8973,36058,36058,2023-02-04
2706,29719,70512,70512,2023-02-04
2705,29952,25741,25741,2023-02-04
2704,21796,9718,9718,2023-02-04
2703,49726,9520,9520,2023-02-04
2710,9718,9520,9520,2023-02-04
2662,25829,26312,25829,2023-02-11
2661,30236,14320,14320,2023-02-11
2660,61403,52539,52539,2023-02-11
2659,40011,30571,30571,2023-02-11
2658,51306,50548,50548,2023-02-11
2668,52539,20988,20988,2023-02-11
2656,36121,21760,36121,2023-02-11
2655,71905,25829,25829,2023-02-11
2666,50548,61003,61003,2023-02-11
2663,36121,18716,36121,2023-02-11
2657,37767,43348,43348,2023-02-11
2664,43348,22683,22683,2023-02-11
2667,30571,22867,22867,2023-02-11
2669,25829,14320,14320,2023-02-11
2665,7924,44974,7924,2023-02-11
2679,20988,36121,36121,2023-02-11
2678,14320,22867,14320,2023-02-11
2676,20988,61003,20988,2023-02-11
2675,36121,14320,36121,2023-02-11
2677,61003,22683,61003,2023-02-11
2673,22683,25829,22683,2023-02-11
2672,20988,22867,20988,2023-02-11
2671,61003,7924,61003,2023-02-11
2670,22683,36121,36121,2023-02-11
2674,22867,7924,22867,2023-02-11
2633,21760,65194,65194,2023-02-16
2636,22867,9286,9286,2023-02-16
2635,20988,36121,20988,2023-02-16
2634,39933,61403,39933,2023-02-16
2632,26040,19292,26040,2023-02-16
2626,22867,46694,22867,2023-02-16
2630,1094,19799,1094,2023-02-16
2629,29952,38194,38194,2023-02-16
2628,24611,29719,24611,2023-02-16
2627,8374,801,801,2023-02-16
2637,24611,801,24611,2023-02-16
2631,10231,11829,11829,2023-02-16
2638,38194,9396,9396,2023-02-16
2650,9718,9286,9286,2023-02-16
2640,11829,25741,25741,2023-02-16
2639,1094,9718,9718,2023-02-16
2653,9718,11254,11254,2023-02-16
2651,39933,25741,25741,2023-02-16
2654,25741,9286,25741,2023-02-16
2649,11254,65194,11254,2023-02-16
2648,9396,24611,24611,2023-02-16
2652,39933,24611,24611,2023-02-16
2646,65194,25741,25741,2023-02-16
2645,9718,9396,9718,2023-02-16
2644,24611,9286,9286,2023-02-16
2643,20988,11254,11254,2023-02-16
2641,65194,26040,65194,2023-02-16
2642,39933,36058,39933,2023-02-16
2647,11254,39933,39933,2023-02-16
2610,7855,43154,7855,2023-02-25
2609,66555,18716,18716,2023-02-25
2608,45137,46694,46694,2023-02-25
2605,32755,61403,61403,2023-02-25
2606,43348,37634,37634,2023-02-25
2604,61033,7855,7855,2023-02-25
2603,37917,45137,45137,2023-02-25
2612,61403,25829,25829,2023-02-25
2607,30571,14320,14320,2023-02-25
2613,13685,44974,44974,2023-02-25
2611,44009,20673,20673,2023-02-25
2615,46694,14320,14320,2023-02-25
2614,37634,50526,37634,2023-02-25
2625,44974,14320,44974,2023-02-25
2623,20673,46694,46694,2023-02-25
2622,44974,20673,44974,2023-02-25
2621,7855,14320,14320,2023-02-25
2624,7855,25829,7855,2023-02-25
2619,18716,46694,46694,2023-02-25
2618,37634,44974,44974,2023-02-25
2617,25829,20673,20673,2023-02-25
2616,7855,18716,7855,2023-02-25
2620,37634,25829,25829,2023-02-25
2572,25359,8973,25359,2023-03-03
2579,71855,20477,71855,2023-03-03
2578,14758,30734,30734,2023-03-03
2577,24611,801,801,2023-03-03
2575,8374,70512,70512,2023-03-03
2574,22682,14320,22682,2023-03-03
2573,37529,38880,37529,2023-03-03
2571,71855,18716,71855,2023-03-03
2565,61403,22682,22682,2023-03-03
2569,16118,30734,30734,2023-03-03
2568,24611,39050,24611,2023-03-03
2567,51975,7530,7530,2023-03-03
2566,69034,8374,8374,2023-03-03
2564,14320,1094,14320,2023-03-03
2563,37529,20237,37529,2023-03-03
2580,25359,29719,29719,2023-03-03
2570,14758,30571,14758,2023-03-03
2581,22682,37529,22682,2023-03-03
2576,7530,38194,38194,2023-03-03
2583,30734,801,801,2023-03-03
2582,38194,70512,70512,2023-03-03
2600,23283,17595,17595,2023-03-03
2599,31459,23283,31459,2023-03-03
2598,73661,65407,73661,2023-03-03
2597,2789,73659,2789,2023-03-03
2596,73660,17595,17595,2023-03-03
2595,31459,2789,31459,2023-03-03
2594,73659,23283,23283,2023-03-03
2593,73660,73661,73661,2023-03-03
2601,65407,2789,65407,2023-03-03
2591,801,22682,801,2023-03-03
2590,70512,30734,70512,2023-03-03
2589,71855,38194,71855,2023-03-03
2588,71855,801,801,2023-03-03
2602,31459,73661,73661,2023-03-03
2587,70512,22682,22682,2023-03-03
2586,29719,30734,30734,2023-03-03
2585,38194,37529,38194,2023-03-03
2584,29719,71855,71855,2023-03-03
2592,17595,65407,65407,2023-03-03
2531,65407,12615,65407,2023-03-11
2532,12615,50770,50770,2023-03-11
2533,9730,73448,9730,2023-03-11
2537,43348,37634,37634,2023-03-11
2535,30181,25679,30181,2023-03-11
2536,61403,18665,18665,2023-03-11
2530,73004,9730,73004,2023-03-11
2534,65407,73004,73004,2023-03-11
2529,32060,73448,73448,2023-03-11
2524,17984,9730,9730,2023-03-11
2527,32060,65407,65407,2023-03-11
2526,73448,12615,12615,2023-03-11
2525,50770,73004,73004,2023-03-11
2523,32060,31459,32060,2023-03-11
2522,56306,65407,65407,2023-03-11
2521,53624,73448,73448,2023-03-11
2520,73004,21760,73004,2023-03-11
2519,70201,17984,17984,2023-03-11
2538,31298,7924,31298,2023-03-11
2528,50770,17984,50770,2023-03-11
2539,21357,32755,21357,2023-03-11
2542,36421,18923,36421,2023-03-11
2541,13685,68497,13685,2023-03-11
2562,20988,65194,65194,2023-03-11
2561,19799,20673,19799,2023-03-11
2560,22867,18665,22867,2023-03-11
2540,50541,39036,50541,2023-03-11
2558,19799,65194,65194,2023-03-11
2557,49546,20673,20673,2023-03-11
2556,3283,18665,18665,2023-03-11
2555,49546,22867,22867,2023-03-11
2554,20988,20673,20988,2023-03-11
2553,19799,3283,19799,2023-03-11
2559,22867,20988,20988,2023-03-11
2551,37917,49546,49546,2023-03-11
2550,36421,22867,22867,2023-03-11
2549,13685,20988,20988,2023-03-11
2548,50541,20673,20673,2023-03-11
2547,21357,19799,19799,2023-03-11
2546,31298,3283,3283,2023-03-11
2545,37634,18665,18665,2023-03-11
2544,30181,65194,65194,2023-03-11
2543,63186,37917,37917,2023-03-11
2552,18665,65194,65194,2023-03-11
2498,43197,67731,43197,2023-03-18
2497,43348,2539,43348,2023-03-18
2496,67731,72986,67731,2023-03-18
2495,73470,2539,2539,2023-03-18
2499,61033,31629,61033,2023-03-18
2494,43348,61033,61033,2023-03-18
2489,43197,66555,43197,2023-03-18
2492,66555,73470,73470,2023-03-18
2491,67731,43348,43348,2023-03-18
2490,72986,61033,61033,2023-03-18
2488,2539,31629,31629,2023-03-18
2487,67731,46358,67731,2023-03-18
2486,73470,43197,43197,2023-03-18
2493,43197,31629,31629,2023-03-18
2500,52897,31459,31459,2023-03-18
2508,50770,9730,9730,2023-03-18
2502,31459,9730,9730,2023-03-18
2501,53624,73917,73917,2023-03-18
2518,26363,4333,26363,2023-03-18
2516,52507,4333,4333,2023-03-18
2515,52507,41398,41398,2023-03-18
2514,70886,26363,26363,2023-03-18
2513,4333,41398,4333,2023-03-18
2512,21760,9730,21760,2023-03-18
2517,70886,41398,41398,2023-03-18
2510,67488,67481,67488,2023-03-18
2509,21760,67488,21760,2023-03-18
2507,73917,65407,65407,2023-03-18
2506,67481,31459,67481,2023-03-18
2505,73917,21760,21760,2023-03-18
2503,67481,50770,50770,2023-03-18
2504,67488,65407,67488,2023-03-18
2511,50770,65407,65407,2023-03-18
2466,18665,7855,7855,2023-03-24
2465,37529,45440,45440,2023-03-24
2464,24611,19799,24611,2023-03-24
2463,3283,73004,3283,2023-03-24
2462,17217,1094,1094,2023-03-24
2459,14395,36121,14395,2023-03-24
2460,8973,8374,8374,2023-03-24
2458,25679,37634,37634,2023-03-24
2457,18716,49726,18716,2023-03-24
2456,51975,10231,10231,2023-03-24
2468,37634,18716,37634,2023-03-24
2461,14320,61003,14320,2023-03-24
2469,14395,11829,11829,2023-03-24
2467,10231,38158,38158,2023-03-24
2471,14320,36058,36058,2023-03-24
2470,8374,30734,30734,2023-03-24
2485,45440,38158,38158,2023-03-24
2484,11829,24611,11829,2023-03-24
2482,45440,36058,45440,2023-03-24
2481,11829,38158,38158,2023-03-24
2480,24611,3283,24611,2023-03-24
2479,30734,37634,30734,2023-03-24
2483,36058,30734,36058,2023-03-24
2477,3283,36058,36058,2023-03-24
2476,30734,11829,11829,2023-03-24
2475,37634,38158,38158,2023-03-24
2474,7855,45440,45440,2023-03-24
2473,24611,20477,24611,2023-03-24
2472,3283,1094,3283,2023-03-24
2478,45440,24611,45440,2023-03-24
2424,22867,22682,22682,2023-03-31
2431,29719,38194,38194,2023-03-31
2430,20988,7855,7855,2023-03-31
2429,1094,11254,11254,2023-03-31
2428,10231,21796,10231,2023-03-31
2427,43197,19292,19292,2023-03-31
2426,45142,30734,30734,2023-03-31
2425,18923,1220,1220,2023-03-31
2423,24611,45440,45440,2023-03-31
2415,30236,24611,24611,2023-03-31
2421,43760,36058,36058,2023-03-31
2420,14395,37529,14395,2023-03-31
2419,8374,9730,8374,2023-03-31
2418,29719,26040,29719,2023-03-31
2417,1094,65194,1094,2023-03-31
2416,22303,21796,21796,2023-03-31
2414,43660,26036,43660,2023-03-31
2432,22683,19799,19799,2023-03-31
2422,44974,43660,44974,2023-03-31
2433,25315,9718,9718,2023-03-31
2435,39933,11829,39933,2023-03-31
2450,8374,11254,11254,2023-03-31
2434,29952,8374,8374,2023-03-31
2455,38194,22682,22682,2023-03-31
2453,14395,30734,14395,2023-03-31
2452,14395,38194,38194,2023-03-31
2451,19292,22682,22682,2023-03-31
2449,30734,36058,30734,2023-03-31
2448,14395,8374,14395,2023-03-31
2447,38194,11254,38194,2023-03-31
2454,19292,11254,11254,2023-03-31
2446,19292,30734,19292,2023-03-31
2444,14395,39933,14395,2023-03-31
2443,8374,9718,8374,2023-03-31
2442,19799,38194,38194,2023-03-31
2441,7855,11254,11254,2023-03-31
2440,10231,19292,19292,2023-03-31
2439,30734,1220,30734,2023-03-31
2438,22682,45440,22682,2023-03-31
2437,44974,36058,36058,2023-03-31
2436,43154,14395,14395,2023-03-31
2445,22682,36058,22682,2023-03-31
2398,50526,74791,50526,2023-04-08
2396,28943,26040,28943,2023-04-08
2395,74815,74844,74844,2023-04-08
2397,50526,16118,16118,2023-04-08
2393,74815,50526,50526,2023-04-08
2392,74844,16118,16118,2023-04-08
2391,74791,28943,28943,2023-04-08
2390,74816,26040,26040,2023-04-08
2399,26040,74844,26040,2023-04-08
2394,74791,74816,74791,2023-04-08
2400,16118,28943,28943,2023-04-08
2406,23162,74930,23162,2023-04-08
2402,74944,53624,53624,2023-04-08
2401,74906,74908,74908,2023-04-08
2412,4344,12615,12615,2023-04-08
2411,23162,74908,23162,2023-04-08
2410,23162,53624,53624,2023-04-08
2409,4344,12202,12202,2023-04-08
2413,53624,12202,12202,2023-04-08
2407,74446,74908,74908,2023-04-08
2405,53624,12615,53624,2023-04-08
2404,4344,74446,4344,2023-04-08
2403,74908,12202,12202,2023-04-08
2408,74930,12615,12615,2023-04-08
2368,36421,36260,36421,2023-04-15
2369,18716,52539,18716,2023-04-15
2370,18758,32755,32755,2023-04-15
2371,36757,12990,12990,2023-04-15
2372,18694,37634,37634,2023-04-15
2373,3528,37687,3528,2023-04-15
2374,18977,61035,18977,2023-04-15
2375,36421,31629,36421,2023-04-15
2377,37634,12990,37634,2023-04-15
2376,32755,18716,18716,2023-04-15
2379,31629,36260,31629,2023-04-15
2380,32755,52539,32755,2023-04-15
2381,12990,18694,12990,2023-04-15
2382,18977,37687,37687,2023-04-15
2383,18716,36421,18716,2023-04-15
2384,3528,37634,37634,2023-04-15
2385,32755,31629,31629,2023-04-15
2386,37687,12990,12990,2023-04-15
2387,3528,31629,3528,2023-04-15
2388,36421,12990,36421,2023-04-15
2389,37634,18716,18716,2023-04-15
2378,18977,3528,3528,2023-04-15
2360,46201,14836,14836,2023-04-22
2358,25572,59452,59452,2023-04-22
2359,70886,41398,41398,2023-04-22
2361,25572,40973,40973,2023-04-22
2357,40973,16118,16118,2023-04-22
2363,59452,16118,16118,2023-04-22
2364,14836,41398,41398,2023-04-22
2365,14836,40973,14836,2023-04-22
2366,59452,46201,59452,2023-04-22
2362,46201,70886,46201,2023-04-22
2367,41398,16118,16118,2023-04-22
2343,17595,59577,59577,2023-04-28
2344,31033,31459,31033,2023-04-28
2345,75433,61403,61403,2023-04-28
2347,2141,24215,2141,2023-04-28
2348,31033,26312,26312,2023-04-28
2346,59577,8973,59577,2023-04-28
2350,24215,8973,8973,2023-04-28
2349,61403,73004,73004,2023-04-28
2355,2141,61403,2141,2023-04-28
2354,73004,8973,8973,2023-04-28
2356,26312,59577,59577,2023-04-28
2352,2141,59577,59577,2023-04-28
2351,61403,31033,61403,2023-04-28
2353,73004,26312,26312,2023-04-28
2308,45440,38158,38158,2023-05-07
2316,29719,9286,29719,2023-05-07
2315,2789,11829,11829,2023-05-07
2314,9520,11254,11254,2023-05-07
2313,37634,26040,26040,2023-05-07
2312,1094,36058,36058,2023-05-07
2311,17217,23336,23336,2023-05-07
2310,14395,19292,19292,2023-05-07
2309,9212,14320,14320,2023-05-07
2307,21796,22867,21796,2023-05-07
2297,14395,25315,14395,2023-05-07
2305,25917,1220,1220,2023-05-07
2304,20988,16118,20988,2023-05-07
2317,24611,613,613,2023-05-07
2302,39933,613,613,2023-05-07
2301,12863,11829,11829,2023-05-07
2300,9520,44974,9520,2023-05-07
2299,26040,12615,26040,2023-05-07
2298,26036,23336,23336,2023-05-07
2296,45440,70512,45440,2023-05-07
2306,28254,38880,28254,2023-05-07
2318,65194,801,801,2023-05-07
2303,65194,8973,65194,2023-05-07
2320,1220,25741,25741,2023-05-07
2342,613,23336,23336,2023-05-07
2341,36058,9718,9718,2023-05-07
2340,25741,38158,25741,2023-05-07
2339,25741,613,613,2023-05-07
2319,30734,20988,30734,2023-05-07
2337,9718,30734,9718,2023-05-07
2336,11254,38158,38158,2023-05-07
2335,9718,25741,25741,2023-05-07
2334,30734,613,613,2023-05-07
2333,11254,36058,36058,2023-05-07
2332,23336,38158,23336,2023-05-07
2338,36058,23336,23336,2023-05-07
2330,22682,25741,25741,2023-05-07
2329,30734,801,30734,2023-05-07
2328,613,29719,613,2023-05-07
2327,11829,11254,11254,2023-05-07
2326,26040,36058,36058,2023-05-07
2325,23336,19292,23336,2023-05-07
2324,14320,38158,38158,2023-05-07
2323,17400,21796,17400,2023-05-07
2322,28254,9718,9718,2023-05-07
2321,10231,22682,22682,2023-05-07
2331,17400,9718,9718,2023-05-07
2277,37767,19799,19799,2023-05-20
2276,50262,12990,12990,2023-05-20
2275,50541,3528,3528,2023-05-20
2274,31298,19112,31298,2023-05-20
2273,13613,49546,49546,2023-05-20
2268,51120,50541,50541,2023-05-20
2271,36260,37766,37766,2023-05-20
2270,37767,61035,37767,2023-05-20
2269,12990,60834,12990,2023-05-20
2278,75800,1311,1311,2023-05-20
2267,19112,66555,19112,2023-05-20
2272,30181,42860,42860,2023-05-20
2279,37766,37917,37766,2023-05-20
2292,42860,37767,37767,2023-05-20
2281,31298,49546,49546,2023-05-20
2280,22217,42860,22217,2023-05-20
2294,3528,37767,37767,2023-05-20
2293,22217,31298,31298,2023-05-20
2291,50541,31298,31298,2023-05-20
2290,22217,19799,19799,2023-05-20
2289,3528,49546,49546,2023-05-20
2295,19799,49546,19799,2023-05-20
2287,1311,37767,37767,2023-05-20
2286,12990,50541,50541,2023-05-20
2285,31298,13613,31298,2023-05-20
2284,22217,37766,22217,2023-05-20
2283,1311,19799,19799,2023-05-20
2282,12990,3528,3528,2023-05-20
2288,37766,42860,42860,2023-05-20
2247,25315,36121,36121,2023-05-25
2246,20988,8374,8374,2023-05-25
2245,43197,7855,7855,2023-05-25
2244,26040,17217,26040,2023-05-25
2243,13685,29952,29952,2023-05-25
2242,44010,26312,26312,2023-05-25
2239,46694,32755,46694,2023-05-25
2240,37529,24611,24611,2023-05-25
2238,49546,30230,30230,2023-05-25
2237,36421,20999,20999,2023-05-25
2236,10361,41398,10361,2023-05-25
2249,30230,20999,20999,2023-05-25
2241,37634,13761,37634,2023-05-25
2250,46694,21796,21796,2023-05-25
2248,10361,19292,10361,2023-05-25
2252,26312,29719,29719,2023-05-25
2265,20999,29952,29952,2023-05-25
2264,29719,21796,21796,2023-05-25
2263,36121,29719,36121,2023-05-25
2262,24611,20999,24611,2023-05-25
2261,7855,29952,29952,2023-05-25
2260,21796,10361,21796,2023-05-25
2251,37634,24611,24611,2023-05-25
2259,36121,7855,36121,2023-05-25
2257,24611,21796,24611,2023-05-25
2256,20999,10361,20999,2023-05-25
2255,36121,8374,36121,2023-05-25
2254,7855,14395,7855,2023-05-25
2253,26040,29952,29952,2023-05-25
2266,36121,24611,24611,2023-05-25
2258,29952,29719,29719,2023-05-25
2229,20114,18694,18694,2023-05-30
2230,56615,21760,21760,2023-05-30
2233,17924,20114,20114,2023-05-30
2232,17924,21760,21760,2023-05-30
2234,9730,56615,9730,2023-05-30
2235,21760,18694,21760,2023-05-30
2231,18694,9730,18694,2023-05-30
2205,49397,19662,19662,2023-06-02
2214,51975,21796,21796,2023-06-02
2206,8973,20988,20988,2023-06-02
2207,51975,47503,51975,2023-06-02
2208,17364,51005,17364,2023-06-02
2209,73004,36121,36121,2023-06-02
2210,37529,45440,45440,2023-06-02
2211,19662,3528,19662,2023-06-02
2212,52334,43175,43175,2023-06-02
2213,20988,25359,25359,2023-06-02
2215,17364,20999,17364,2023-06-02
2226,14320,25359,14320,2023-06-02
2217,36121,43660,36121,2023-06-02
2216,25917,14320,14320,2023-06-02
2228,17364,43175,43175,2023-06-02
2227,45440,21796,45440,2023-06-02
2224,43175,45440,43175,2023-06-02
2223,36121,21796,21796,2023-06-02
2225,14320,17364,17364,2023-06-02
2221,36121,14320,14320,2023-06-02
2220,17364,21796,17364,2023-06-02
2219,25359,43175,43175,2023-06-02
2218,19662,45440,45440,2023-06-02
2222,25359,19662,25359,2023-06-02
2196,41398,10231,10231,2023-06-03
2192,16599,24044,24044,2023-06-03
2193,51515,41398,41398,2023-06-03
2195,32946,14836,32946,2023-06-03
2197,4333,26363,26363,2023-06-03
2194,24044,11829,11829,2023-06-03
2199,4333,41398,41398,2023-06-03
2200,32946,11829,11829,2023-06-03
2201,26363,10231,10231,2023-06-03
2202,26363,24044,24044,2023-06-03
2203,32946,41398,41398,2023-06-03
2204,10231,11829,11829,2023-06-03
2198,14836,24044,24044,2023-06-03
2170,3283,20673,3283,2023-06-10
2169,22683,45253,22683,2023-06-10
2168,53941,59668,53941,2023-06-10
2167,50262,21357,21357,2023-06-10
2166,53941,3283,3283,2023-06-10
2165,59668,20673,20673,2023-06-10
2164,50262,22683,22683,2023-06-10
2161,74099,3283,3283,2023-06-10
2171,20673,21357,21357,2023-06-10
2162,53941,7924,53941,2023-06-10
2160,59668,31629,59668,2023-06-10
2158,50262,25679,50262,2023-06-10
2157,66981,22683,22683,2023-06-10
2156,37767,21357,21357,2023-06-10
2155,45253,20237,45253,2023-06-10
2163,21357,45253,45253,2023-06-10
2172,45253,53941,45253,2023-06-10
2154,39036,46961,39036,2023-06-10
2174,4333,51475,51475,2023-06-10
2191,52077,67969,52077,2023-06-10
2190,19662,47183,19662,2023-06-10
2189,44009,22238,44009,2023-06-10
2188,44009,52077,52077,2023-06-10
2187,67969,19662,67969,2023-06-10
2186,63826,47183,47183,2023-06-10
2185,31033,22238,22238,2023-06-10
2184,63826,44009,44009,2023-06-10
2183,52077,47183,52077,2023-06-10
2182,67969,31033,67969,2023-06-10
2181,22238,19662,19662,2023-06-10
2180,52077,67731,52077,2023-06-10
2179,30742,67969,67969,2023-06-10
2178,22238,63657,22238,2023-06-10
2177,51475,24611,24611,2023-06-10
2176,24611,4333,24611,2023-06-10
2175,24611,51475,24611,2023-06-10
2173,3283,22683,3283,2023-06-10
2153,49875,50262,50262,2023-06-10
2159,39036,20673,20673,2023-06-10
2124,2539,20999,2539,2023-06-16
2123,8167,17364,17364,2023-06-16
2152,70512,43175,43175,2023-06-16
2151,9520,14320,14320,2023-06-16
2150,37529,2539,2539,2023-06-16
2149,37529,70512,70512,2023-06-16
2148,43175,9520,43175,2023-06-16
2147,39933,14320,14320,2023-06-16
2145,37529,39933,37529,2023-06-16
2144,14320,70512,70512,2023-06-16
2143,43175,26036,43175,2023-06-16
2142,2539,9520,9520,2023-06-16
2141,37529,19662,37529,2023-06-16
2140,49726,39933,39933,2023-06-16
2139,31298,14320,14320,2023-06-16
2146,26036,2539,2539,2023-06-16
2137,19799,43175,43175,2023-06-16
2138,3528,70512,70512,2023-06-16
2125,52334,73004,73004,2023-06-16
2126,8973,26036,26036,2023-06-16
2127,19799,14431,19799,2023-06-16
2128,51975,3528,3528,2023-06-16
2130,44010,31298,31298,2023-06-16
2129,20988,14320,14320,2023-06-16
2132,19662,65194,19662,2023-06-16
2133,46694,37529,37529,2023-06-16
2134,17364,9520,9520,2023-06-16
2135,73004,2539,2539,2023-06-16
2136,26036,30734,26036,2023-06-16
2131,69755,49726,49726,2023-06-16
2103,36260,27633,27633,2023-06-17
2099,73597,12615,12615,2023-06-17
2102,12615,12202,12202,2023-06-17
2101,75705,53624,53624,2023-06-17
2100,73597,22303,73597,2023-06-17
2098,75705,12202,12202,2023-06-17
2091,74775,73597,73597,2023-06-17
2096,75288,22303,22303,2023-06-17
2095,73597,53624,73597,2023-06-17
2094,76851,12615,12615,2023-06-17
2093,75288,75705,75705,2023-06-17
2092,22303,12202,12202,2023-06-17
2104,42420,37634,37634,2023-06-17
2097,53624,76851,53624,2023-06-17
2105,38477,37687,37687,2023-06-17
2112,20673,67506,20673,2023-06-17
2107,67506,37917,67506,2023-06-17
2106,13761,24801,13761,2023-06-17
2121,61033,25829,25829,2023-06-17
2120,13761,27633,13761,2023-06-17
2119,66555,25829,25829,2023-06-17
2118,42420,27633,27633,2023-06-17
2117,20673,13761,20673,2023-06-17
2116,37634,61033,37634,2023-06-17
2122,20673,37634,20673,2023-06-17
2114,25829,24801,25829,2023-06-17
2113,37687,42420,42420,2023-06-17
2111,13761,25829,13761,2023-06-17
2110,37687,37634,37634,2023-06-17
2109,27633,61033,61033,2023-06-17
2108,20673,66555,20673,2023-06-17
2115,67506,66555,66555,2023-06-17
2071,44974,76554,44974,2023-06-23
2070,20477,30734,20477,2023-06-23
2069,8973,18716,8973,2023-06-23
2068,71855,76413,71855,2023-06-23
2067,19662,45440,45440,2023-06-23
2063,17364,1033,17364,2023-06-23
2065,65165,7855,7855,2023-06-23
2064,49546,44010,49546,2023-06-23
2062,17383,21796,17383,2023-06-23
2061,9728,47511,9728,2023-06-23
2072,9728,25741,25741,2023-06-23
2066,43660,14431,14431,2023-06-23
2073,17364,17383,17383,2023-06-23
2074,49546,801,801,2023-06-23
2087,23336,45440,45440,2023-06-23
2089,17383,14431,17383,2023-06-23
2088,23336,25741,23336,2023-06-23
2090,45440,801,45440,2023-06-23
2086,801,17383,801,2023-06-23
2085,20477,14431,14431,2023-06-23
2084,9396,25741,25741,2023-06-23
2075,7855,9396,9396,2023-06-23
2083,20477,23336,23336,2023-06-23
2081,9396,801,801,2023-06-23
2080,17383,25741,17383,2023-06-23
2079,44974,20477,20477,2023-06-23
2078,8973,23336,23336,2023-06-23
2077,71855,45440,45440,2023-06-23
2076,14431,11254,14431,2023-06-23
2082,45440,14431,45440,2023-06-23
2057,76471,12202,12202,2023-06-24
2059,22303,76471,22303,2023-06-24
2060,53624,12202,12202,2023-06-24
2058,22303,53624,53624,2023-06-24
2036,76430,24611,24611,2023-07-01
2039,4333,76430,76430,2023-07-01
2038,9212,32946,9212,2023-07-01
2037,4333,26040,26040,2023-07-01
2035,9212,10231,10231,2023-07-01
2040,10231,11829,11829,2023-07-01
2033,4333,16118,4333,2023-07-01
2032,76430,25315,76430,2023-07-01
2031,59246,9212,9212,2023-07-01
2030,46201,32946,32946,2023-07-01
2034,32946,11829,11829,2023-07-01
2041,26040,24611,24611,2023-07-01
2049,38974,76697,38974,2023-07-01
2043,10231,76430,10231,2023-07-01
2044,24611,11829,24611,2023-07-01
2045,76692,76501,76501,2023-07-01
2046,27306,55961,55961,2023-07-01
2047,49221,76501,76501,2023-07-01
2048,71232,69774,69774,2023-07-01
2056,38974,76501,76501,2023-07-01
2050,49221,27306,27306,2023-07-01
2051,76697,71232,76697,2023-07-01
2052,76501,55961,76501,2023-07-01
2053,38974,69774,38974,2023-07-01
2054,69774,27306,27306,2023-07-01
2042,26040,9212,9212,2023-07-01
2055,55961,76697,76697,2023-07-01
2026,31459,45005,45005,2023-07-05
2027,65407,26036,26036,2023-07-05
2028,65407,31459,65407,2023-07-05
2029,26036,45005,26036,2023-07-05
1999,77157,77167,77157,2023-07-08
2000,77048,26363,26363,2023-07-08
2001,67588,15503,15503,2023-07-08
2002,77157,41398,77157,2023-07-08
2003,77158,4333,77158,2023-07-08
2004,67588,77048,77048,2023-07-08
2005,4333,41398,41398,2023-07-08
2006,15503,26363,26363,2023-07-08
2007,77158,77157,77158,2023-07-08
2008,77157,77048,77048,2023-07-08
2009,15503,41398,41398,2023-07-08
2010,77158,26363,26363,2023-07-08
2018,25829,18665,18665,2023-07-08
2012,51306,17217,17217,2023-07-08
2025,18665,21760,21760,2023-07-08
2024,8374,61033,61033,2023-07-08
2023,46694,43348,46694,2023-07-08
2022,18665,46694,18665,2023-07-08
2011,42860,43348,43348,2023-07-08
2020,25829,61033,61033,2023-07-08
2021,21760,8374,21760,2023-07-08
2017,61033,46694,46694,2023-07-08
2016,17217,21760,21760,2023-07-08
2015,43348,8374,8374,2023-07-08
2014,64409,25829,25829,2023-07-08
2013,46358,61033,61033,2023-07-08
2019,17217,43348,43348,2023-07-08
1992,40973,25315,25315,2023-07-22
1990,14836,41398,41398,2023-07-22
1993,40973,16118,16118,2023-07-22
1991,25732,16118,25732,2023-07-22
1995,25315,25732,25315,2023-07-22
1998,25315,41398,41398,2023-07-22
1996,25732,14836,14836,2023-07-22
1994,41398,9212,41398,2023-07-22
1997,9212,16118,16118,2023-07-22
1971,36421,45440,45440,2023-07-29
1970,31629,67506,31629,2023-07-29
1969,20494,37634,37634,2023-07-29
1968,47183,76413,76413,2023-07-29
1966,31240,51975,51975,2023-07-29
1965,77910,77927,77910,2023-07-29
1963,66555,69034,69034,2023-07-29
1972,73597,50541,50541,2023-07-29
1962,65894,24044,24044,2023-07-29
1961,73597,17620,73597,2023-07-29
1960,50541,46694,50541,2023-07-29
1959,77925,36421,36421,2023-07-29
1964,72986,50573,50573,2023-07-29
1973,24044,37529,37529,2023-07-29
1967,21760,13761,13761,2023-07-29
1975,77910,43660,43660,2023-07-29
1989,19799,69034,19799,2023-07-29
1974,50573,69034,69034,2023-07-29
1988,45440,31629,45440,2023-07-29
1987,43660,37529,37529,2023-07-29
1986,19799,43660,19799,2023-07-29
1985,69034,45440,69034,2023-07-29
1983,37529,50541,37529,2023-07-29
1984,31629,13761,31629,2023-07-29
1981,13761,43660,43660,2023-07-29
1980,69034,37529,69034,2023-07-29
1979,50541,45440,45440,2023-07-29
1978,31629,37634,31629,2023-07-29
1977,76413,19799,19799,2023-07-29
1976,13761,51975,13761,2023-07-29
1982,31629,19799,19799,2023-07-29
1933,22682,29719,29719,2023-08-04
1938,39933,36058,36058,2023-08-04
1937,29952,24611,29952,2023-08-04
1936,20477,9286,9286,2023-08-04
1934,14395,70512,14395,2023-08-04
1932,14320,25741,14320,2023-08-04
1925,17383,21796,17383,2023-08-04
1930,45440,9718,9718,2023-08-04
1929,38194,19292,38194,2023-08-04
1928,11829,11254,11254,2023-08-04
1927,30734,1220,1220,2023-08-04
1926,25359,9520,9520,2023-08-04
1939,613,38880,38880,2023-08-04
1931,65194,10361,10361,2023-08-04
1940,17383,38158,38158,2023-08-04
1935,9396,44974,44974,2023-08-04
1942,38194,11254,11254,2023-08-04
1941,1220,9520,9520,2023-08-04
1958,38880,9718,38880,2023-08-04
1957,38158,9286,38158,2023-08-04
1956,14395,11254,11254,2023-08-04
1955,38880,14395,38880,2023-08-04
1953,9286,29719,9286,2023-08-04
1952,11254,9520,11254,2023-08-04
1951,38880,9286,38880,2023-08-04
1954,9718,38158,9718,2023-08-04
1949,9718,11254,9718,2023-08-04
1948,9520,38158,38158,2023-08-04
1947,38880,36058,38880,2023-08-04
1946,29952,9286,9286,2023-08-04
1945,44974,14395,14395,2023-08-04
1944,29719,14320,29719,2023-08-04
1943,10361,9718,9718,2023-08-04
1950,14395,29719,14395,2023-08-04
1894,32946,11829,11829,2023-08-18
1900,24611,14320,24611,2023-08-18
1899,26036,8374,8374,2023-08-18
1898,73004,22682,22682,2023-08-18
1897,44010,18716,44010,2023-08-18
1896,36121,9396,9396,2023-08-18
1895,10231,14431,14431,2023-08-18
1893,7855,22683,22683,2023-08-18
1885,18279,61403,18279,2023-08-18
1891,18665,8973,8973,2023-08-18
1890,26040,19292,19292,2023-08-18
1889,29952,21760,29952,2023-08-18
1888,3283,36421,3283,2023-08-18
1887,8374,9730,8374,2023-08-18
1886,36121,9212,36121,2023-08-18
1901,43197,3283,3283,2023-08-18
1884,76413,26040,26040,2023-08-18
1892,18279,14395,14395,2023-08-18
1902,49546,29719,29719,2023-08-18
1909,44010,9396,9396,2023-08-18
1904,20999,1220,1220,2023-08-18
1924,1220,9396,1220,2023-08-18
1923,19292,22682,19292,2023-08-18
1922,24611,14431,24611,2023-08-18
1921,1220,24611,1220,2023-08-18
1920,9396,19292,9396,2023-08-18
1919,2539,22682,22682,2023-08-18
1918,14431,22683,14431,2023-08-18
1903,2539,29952,2539,2023-08-18
1916,24611,22682,24611,2023-08-18
1917,1220,2539,1220,2023-08-18
1914,22683,19292,19292,2023-08-18
1913,41398,1220,1220,2023-08-18
1912,2539,29719,2539,2023-08-18
1911,3283,24611,24611,2023-08-18
1910,8374,22682,22682,2023-08-18
1908,14431,11829,14431,2023-08-18
1907,22683,14395,22683,2023-08-18
1906,8973,19292,19292,2023-08-18
1905,17217,41398,41398,2023-08-18
1915,9396,14431,9396,2023-08-18
1872,36825,25732,36825,2023-08-26
1873,36825,43348,43348,2023-08-26
1874,50262,50788,50262,2023-08-26
1875,32946,42420,32946,2023-08-26
1876,76476,21357,21357,2023-08-26
1879,50788,36825,36825,2023-08-26
1878,21357,32946,21357,2023-08-26
1880,76476,42420,76476,2023-08-26
1881,32946,36825,32946,2023-08-26
1882,43348,76476,43348,2023-08-26
1883,21357,50262,21357,2023-08-26
1877,50262,43348,50262,2023-08-26
1858,26495,11384,26495,2023-09-07
1859,70201,23162,23162,2023-09-07
1860,34224,71868,71868,2023-09-07
1861,26495,12202,26495,2023-09-07
1862,22303,53624,53624,2023-09-07
1863,23162,26036,26036,2023-09-07
1865,22303,12202,12202,2023-09-07
1866,71868,23162,71868,2023-09-07
1867,53624,26495,53624,2023-09-07
1868,45005,26036,26036,2023-09-07
1869,45005,12202,45005,2023-09-07
1870,26495,71868,26495,2023-09-07
1871,26036,53624,26036,2023-09-07
1864,71868,45005,45005,2023-09-07
1847,41398,11254,11254,2023-09-15
1843,14836,41398,41398,2023-09-15
1844,4333,26040,26040,2023-09-15
1845,32946,16118,32946,2023-09-15
1846,40973,10231,10231,2023-09-15
1848,26040,24611,24611,2023-09-15
1856,11254,10231,10231,2023-09-15
1850,10231,11829,11829,2023-09-15
1851,26040,41398,41398,2023-09-15
1852,10231,32946,10231,2023-09-15
1853,24611,11254,24611,2023-09-15
1854,11829,36058,36058,2023-09-15
1855,11829,41398,41398,2023-09-15
1849,32946,36058,36058,2023-09-15
1857,36058,24611,36058,2023-09-15
1830,19112,37767,37767,2023-09-16
1831,66555,18694,18694,2023-09-16
1832,36260,22867,22867,2023-09-16
1833,37766,22217,22217,2023-09-16
1834,37767,50541,50541,2023-09-16
1829,36260,61035,36260,2023-09-16
1836,37766,36260,36260,2023-09-16
1837,18694,37767,37767,2023-09-16
1838,22217,22867,22217,2023-09-16
1839,43348,50541,43348,2023-09-16
1840,50541,36260,50541,2023-09-16
1841,22867,37767,22867,2023-09-16
1842,43348,22217,22217,2023-09-16
1835,18694,43348,43348,2023-09-16
1807,14395,24611,24611,2023-09-22
1806,37529,9396,9396,2023-09-22
1805,60992,43238,60992,2023-09-22
1804,44974,29719,44974,2023-09-22
1803,22867,7855,7855,2023-09-22
1802,21796,25741,25741,2023-09-22
1801,52077,19662,19662,2023-09-22
1797,14320,50541,14320,2023-09-22
1799,26040,22972,22972,2023-09-22
1798,16577,38194,16577,2023-09-22
1796,49397,11829,11829,2023-09-22
1795,9212,20999,20999,2023-09-22
1794,17364,38158,38158,2023-09-22
1793,49397,9730,49397,2023-09-22
1808,20988,43175,43175,2023-09-22
1800,2539,22682,22682,2023-09-22
1809,21760,29952,21760,2023-09-22
1816,24611,9396,9396,2023-09-22
1811,14320,11829,14320,2023-09-22
1828,43175,38158,38158,2023-09-22
1827,22972,9396,22972,2023-09-22
1826,25741,14320,25741,2023-09-22
1825,43175,25741,43175,2023-09-22
1824,22972,38158,38158,2023-09-22
1810,20999,38158,38158,2023-09-22
1822,22682,14320,14320,2023-09-22
1821,43175,9396,43175,2023-09-22
1823,9396,44974,9396,2023-09-22
1819,22682,22972,22972,2023-09-22
1818,14320,38158,38158,2023-09-22
1817,21760,43175,43175,2023-09-22
1815,60992,44974,44974,2023-09-22
1814,7855,25741,25741,2023-09-22
1813,19662,22682,22682,2023-09-22
1812,22972,16577,22972,2023-09-22
1820,44974,25741,25741,2023-09-22
1781,47602,8973,8973,2023-09-24
1776,52334,61403,61403,2023-09-24
1777,73004,30734,30734,2023-09-24
1778,19013,17383,17383,2023-09-24
1779,56304,9728,9728,2023-09-24
1780,11407,70512,70512,2023-09-24
1782,61403,38880,38880,2023-09-24
1791,30734,9728,30734,2023-09-24
1784,9728,45440,45440,2023-09-24
1792,45440,38880,38880,2023-09-24
1790,70512,17383,70512,2023-09-24
1789,70512,45440,45440,2023-09-24
1783,17383,30734,30734,2023-09-24
1787,8973,9728,9728,2023-09-24
1786,17383,61403,17383,2023-09-24
1785,8973,70512,70512,2023-09-24
1788,30734,38880,38880,2023-09-24
1756,3894,25829,25829,2023-09-30
1755,43348,22867,22867,2023-09-30
1754,77158,21357,21357,2023-09-30
1753,39041,50262,39041,2023-09-30
1752,36421,9730,36421,2023-09-30
1751,50526,27633,27633,2023-09-30
1749,61033,22683,61033,2023-09-30
1748,7924,70553,70553,2023-09-30
1757,45253,20999,45253,2023-09-30
1746,72986,67506,67506,2023-09-30
1745,63920,18665,63920,2023-09-30
1744,45253,74145,45253,2023-09-30
1750,66555,60790,66555,2023-09-30
1747,22900,3283,3283,2023-09-30
1758,67506,63920,67506,2023-09-30
1760,66555,61033,61033,2023-09-30
1775,8374,3283,3283,2023-09-30
1774,45253,36421,36421,2023-09-30
1773,22867,61033,61033,2023-09-30
1759,70553,3283,3283,2023-09-30
1771,3283,45253,3283,2023-09-30
1770,43660,36421,36421,2023-09-30
1769,61033,67506,61033,2023-09-30
1772,22867,8374,8374,2023-09-30
1767,36421,8374,8374,2023-09-30
1766,61033,3283,3283,2023-09-30
1765,67506,45253,45253,2023-09-30
1764,25829,22867,22867,2023-09-30
1763,21357,43660,43660,2023-09-30
1762,39041,36421,36421,2023-09-30
1761,27633,8374,8374,2023-09-30
1768,22867,43660,22867,2023-09-30
1725,52176,50541,50541,2023-10-07
1726,63826,30742,63826,2023-10-07
1732,45869,67731,45869,2023-10-07
1727,77435,51005,51005,2023-10-07
1729,44000,52077,52077,2023-10-07
1730,74997,63827,63827,2023-10-07
1731,37524,44009,37524,2023-10-07
1733,63826,50541,50541,2023-10-07
1728,60847,52539,60847,2023-10-07
1735,63827,52077,63827,2023-10-07
1734,60847,51005,51005,2023-10-07
1743,37524,50541,50541,2023-10-07
1742,51005,45869,51005,2023-10-07
1740,37524,63827,37524,2023-10-07
1741,63827,60847,60847,2023-10-07
1738,45869,52077,45869,2023-10-07
1737,60847,63826,60847,2023-10-07
1736,45869,37524,37524,2023-10-07
1739,51005,50541,50541,2023-10-07
1698,76476,59668,59668,2023-10-14
1699,18923,66981,18923,2023-10-14
1700,53941,18520,18520,2023-10-14
1701,7924,18716,18716,2023-10-14
1703,18868,40011,40011,2023-10-14
1704,74781,18923,74781,2023-10-14
1705,18520,21357,18520,2023-10-14
1706,46710,50088,50088,2023-10-14
1707,49875,43197,49875,2023-10-14
1708,37687,72415,37687,2023-10-14
1709,39041,18716,39041,2023-10-14
1710,74781,40011,40011,2023-10-14
1702,39041,59668,39041,2023-10-14
1712,37687,49875,37687,2023-10-14
1724,18520,39041,18520,2023-10-14
1711,50088,18520,18520,2023-10-14
1722,37687,18716,18716,2023-10-14
1723,40011,50088,50088,2023-10-14
1720,18868,18716,18716,2023-10-14
1719,37687,18520,18520,2023-10-14
1721,49875,50088,50088,2023-10-14
1718,40011,39041,39041,2023-10-14
1717,49875,72415,49875,2023-10-14
1716,50088,21357,50088,2023-10-14
1715,74781,18868,18868,2023-10-14
1714,18716,59668,18716,2023-10-14
1713,21357,53941,21357,2023-10-14
1673,11407,19292,19292,2023-10-24
1672,7530,18716,18716,2023-10-24
1671,36121,11254,36121,2023-10-24
1669,26312,23336,23336,2023-10-24
1668,20477,44974,44974,2023-10-24
1674,61403,45253,45253,2023-10-24
1666,73004,18665,73004,2023-10-24
1660,45253,1033,45253,2023-10-24
1664,11829,3283,3283,2023-10-24
1663,16577,9286,9286,2023-10-24
1662,19662,61003,19662,2023-10-24
1661,20988,30734,30734,2023-10-24
1659,2539,26312,26312,2023-10-24
1658,18665,50522,18665,2023-10-24
1657,21796,16577,16577,2023-10-24
1675,30734,36058,36058,2023-10-24
1665,49397,22682,22682,2023-10-24
1676,21760,42798,42798,2023-10-24
1667,9212,70512,70512,2023-10-24
1678,1220,29952,1220,2023-10-24
1677,19662,9396,9396,2023-10-24
1697,1220,23336,23336,2023-10-24
1696,9286,36058,36058,2023-10-24
1695,45253,22682,22682,2023-10-24
1694,1220,45253,1220,2023-10-24
1693,23336,9286,23336,2023-10-24
1692,36058,36121,36058,2023-10-24
1691,70512,22682,22682,2023-10-24
1690,1220,36058,1220,2023-10-24
1689,45253,36121,45253,2023-10-24
1670,25359,29719,29719,2023-10-24
1687,22682,9286,9286,2023-10-24
1686,1220,9396,1220,2023-10-24
1685,42798,36058,36058,2023-10-24
1684,45253,19292,45253,2023-10-24
1683,18716,36121,36121,2023-10-24
1682,29719,23336,23336,2023-10-24
1681,44974,70512,70512,2023-10-24
1680,73004,22682,22682,2023-10-24
1688,23336,70512,23336,2023-10-24
1679,3283,9286,9286,2023-10-24
1643,16118,25315,16118,2023-10-28
1644,32946,41398,41398,2023-10-28
1646,16118,24611,24611,2023-10-28
1647,41398,36058,36058,2023-10-28
1648,46201,10231,10231,2023-10-28
1645,50526,14836,50526,2023-10-28
1650,41398,16118,16118,2023-10-28
1651,26040,46201,26040,2023-10-28
1652,36058,24611,36058,2023-10-28
1653,50526,10231,10231,2023-10-28
1654,50526,16118,50526,2023-10-28
1655,24611,26040,26040,2023-10-28
1649,50526,26040,50526,2023-10-28
1656,10231,36058,36058,2023-10-28
1622,22867,43175,43175,2023-11-03
1621,7855,29952,7855,2023-11-03
1620,22972,9286,9286,2023-11-03
1619,21796,16577,16577,2023-11-03
1618,9730,9396,9396,2023-11-03
1617,14395,14320,14320,2023-11-03
1616,20988,25741,25741,2023-11-03
1613,21760,8374,8374,2023-11-03
1614,19292,1220,1220,2023-11-03
1612,19662,9718,9718,2023-11-03
1611,18716,17217,18716,2023-11-03
1610,29719,22682,22682,2023-11-03
1609,13761,36121,36121,2023-11-03
1623,9520,44974,9520,2023-11-03
1615,14431,38194,38194,2023-11-03
1624,36121,38158,38158,2023-11-03
1636,38194,22682,38194,2023-11-03
1626,8374,9718,9718,2023-11-03
1641,9718,16577,16577,2023-11-03
1640,43175,38194,43175,2023-11-03
1639,43175,25741,25741,2023-11-03
1638,9718,38158,38158,2023-11-03
1637,9286,16577,16577,2023-11-03
1635,43175,9286,43175,2023-11-03
1625,18716,22682,22682,2023-11-03
1634,16577,25741,25741,2023-11-03
1632,22682,38158,38158,2023-11-03
1631,9520,43175,43175,2023-11-03
1630,7855,9286,9286,2023-11-03
1629,16577,9396,16577,2023-11-03
1628,14320,25741,25741,2023-11-03
1627,38194,1220,38194,2023-11-03
1633,38194,9718,9718,2023-11-03
1642,25741,38158,25741,2023-11-03
1603,14395,26040,26040,2023-11-10
1608,24611,11829,24611,2023-11-10
1581,41398,12367,41398,2023-11-10
1582,12863,36121,36121,2023-11-10
1583,9728,22867,9728,2023-11-10
1584,8374,21760,8374,2023-11-10
1585,20988,9730,20988,2023-11-10
1587,26040,43154,26040,2023-11-10
1588,10231,34259,10231,2023-11-10
1589,14431,1033,14431,2023-11-10
1590,41398,11829,11829,2023-11-10
1591,9728,36121,36121,2023-11-10
1592,8374,21796,8374,2023-11-10
1593,20988,44974,44974,2023-11-10
1594,8973,24611,24611,2023-11-10
1586,7565,8973,8973,2023-11-10
1596,10231,14395,14395,2023-11-10
1595,26040,26036,26040,2023-11-10
1607,8374,26040,8374,2023-11-10
1606,14431,36121,14431,2023-11-10
1605,14431,24611,24611,2023-11-10
1602,44974,36121,36121,2023-11-10
1604,8374,11829,11829,2023-11-10
1600,26040,24611,24611,2023-11-10
1599,44974,8374,8374,2023-11-10
1598,36121,11829,11829,2023-11-10
1597,14431,29952,14431,2023-11-10
1601,14431,14395,14431,2023-11-10
1580,53624,12202,12202,2023-11-11
1566,16262,62524,62524,2023-11-18
1567,8260,62526,8260,2023-11-18
1571,62524,62526,62524,2023-11-18
1568,62524,12202,12202,2023-11-18
1569,8260,71868,71868,2023-11-18
1570,8260,16262,16262,2023-11-18
1572,71868,12202,71868,2023-11-18
1579,25732,49969,49969,2023-11-18
1574,65207,76476,76476,2023-11-18
1575,49969,78310,49969,2023-11-18
1576,76476,25732,25732,2023-11-18
1577,76476,66653,76476,2023-11-18
1578,78310,65207,78310,2023-11-18
1573,66653,49969,49969,2023-11-18
1560,79747,79746,79746,2023-11-25
1561,79748,76413,76413,2023-11-25
1563,12367,79747,79747,2023-11-25
1562,12367,79746,79746,2023-11-25
1564,79748,79747,79747,2023-11-25
1565,76413,79746,76413,2023-11-25
1534,18923,11829,11829,2023-12-02
1533,1033,9286,9286,2023-12-02
1532,9728,8374,9728,2023-12-02
1531,28254,45440,45440,2023-12-02
1530,14320,30734,30734,2023-12-02
1529,38194,36058,36058,2023-12-02
1528,36421,71855,71855,2023-12-02
1527,16577,43175,43175,2023-12-02
1526,14431,24611,24611,2023-12-02
1525,41398,25741,25741,2023-12-02
1556,39933,68758,68758,2023-12-02
1523,45253,8396,8396,2023-12-02
1522,17383,49726,17383,2023-12-02
1521,8973,68758,68758,2023-12-02
1520,11829,49397,11829,2023-12-02
1519,28254,61403,28254,2023-12-02
1518,38194,9730,38194,2023-12-02
1517,801,71855,71855,2023-12-02
1516,26036,16577,16577,2023-12-02
1515,22867,24611,24611,2023-12-02
1535,68758,23336,68758,2023-12-02
1524,12863,43154,43154,2023-12-02
1536,37529,76430,76430,2023-12-02
1538,76413,8396,76413,2023-12-02
1555,45440,43175,43175,2023-12-02
1559,68758,43175,43175,2023-12-02
1558,45440,9286,9286,2023-12-02
1554,17383,9286,9286,2023-12-02
1553,36058,25741,25741,2023-12-02
1552,39933,17383,39933,2023-12-02
1551,68758,9286,68758,2023-12-02
1550,45440,36058,45440,2023-12-02
1549,43175,25741,43175,2023-12-02
1548,18716,39933,39933,2023-12-02
1547,76413,17383,17383,2023-12-02
1546,76430,68758,68758,2023-12-02
1545,11829,9286,9286,2023-12-02
1544,9728,45440,45440,2023-12-02
1543,30734,36058,36058,2023-12-02
1542,71855,43175,43175,2023-12-02
1541,24611,25741,25741,2023-12-02
1540,18716,43154,18716,2023-12-02
1539,39933,70512,39933,2023-12-02
1537,17383,11254,17383,2023-12-02
1557,39933,25741,25741,2023-12-02
